序号,btc-e价格,火币网价格,差价,类型,时间
1,58.99705014749263,59.09133285683209,-0.09428270933945981,LTC/BTC,2017-06-19 03:08
2,7.117437722419928,7.029574861367838,0.0878628610520904,ETH/BTC,2017-06-19 03:08
3,0.11964384420457182,0.11896118299445473,0.0006826612101170915,ETH/LTC,2017-06-19 03:08
4,58.99705014749263,59.161490683229815,-0.1644405357371852,LTC/BTC,2017-06-19 03:09
5,7.117437722419928,7.055555555555555,0.061882166864372756,ETH/BTC,2017-06-19 03:09
6,0.11964384420457182,0.11925925925925926,0.0003845849453125577,ETH/LTC,2017-06-19 03:09
7,58.9622641509434,59.2000994437366,-0.23783529279319993,LTC/BTC,2017-06-19 03:10
8,7.117437722419928,7.042565933944059,0.0748717884758694,ETH/BTC,2017-06-19 03:10
9,0.11964384420457182,0.11896206256608183,0.0006817816384899894,ETH/LTC,2017-06-19 03:10
10,58.9622641509434,59.18633540372671,-0.22407125278331108,LTC/BTC,2017-06-19 03:11
11,7.117437722419928,7.045210897933533,0.07222682448639528,ETH/BTC,2017-06-19 03:11
12,0.11964384420457182,0.11903441647258882,0.0006094277319829977,ETH/LTC,2017-06-19 03:11
13,59.27682276229994,59.407793017456356,-0.13097025515641292,LTC/BTC,2017-06-19 03:12
14,7.128599942971201,7.058525925925926,0.07007401704527538,ETH/BTC,2017-06-19 03:12
15,0.12074378169524269,0.11881481481481482,0.0019289668804278737,ETH/LTC,2017-06-19 03:12
16,59.10165484633569,59.544603867747966,-0.4429490214122751,LTC/BTC,2017-06-19 03:13
17,7.102272727272727,7.057040405160623,0.045232322112103596,ETH/BTC,2017-06-19 03:13
18,0.12074378169524269,0.11851687553140365,0.0022269061638390403,ETH/LTC,2017-06-19 03:13
19,59.10165484633569,59.5074812967581,-0.40582645042240983,LTC/BTC,2017-06-19 03:14
20,7.102272727272727,7.046880767811,0.05539195946172626,ETH/BTC,2017-06-19 03:14
21,0.12074757237005751,0.11842008121077889,0.002327491159278619,ETH/LTC,2017-06-19 03:14
22,59.10165484633569,59.47630922693266,-0.3746543805969722,LTC/BTC,2017-06-19 03:15
23,7.102272727272727,7.053604436229205,0.04866829104352188,ETH/BTC,2017-06-19 03:15
24,0.12074757237005751,0.11859519408502774,0.002152378285029774,ETH/LTC,2017-06-19 03:15
25,59.27682276229994,59.407730673316706,-0.13090791101676302,LTC/BTC,2017-06-19 03:16
26,7.102272727272727,7.058413949422971,0.04385877784975545,ETH/BTC,2017-06-19 03:16
27,0.12074757237005751,0.11881305462141302,0.0019345177486444903,ETH/LTC,2017-06-19 03:16
28,59.27682276229994,59.44479101684342,-0.16796825454347442,LTC/BTC,2017-06-19 03:17
29,7.09823963657013,7.058466233583455,0.03977340298667542,ETH/BTC,2017-06-19 03:17
30,0.12074757237005751,0.11873986118621345,0.0020077111838440603,ETH/LTC,2017-06-19 03:17
31,59.27682276229994,59.55625,-0.2794272377000553,LTC/BTC,2017-06-19 03:18
32,7.09823963657013,7.058361666037051,0.0398779705330794,ETH/BTC,2017-06-19 03:18
33,0.12074757237005751,0.11851588483218892,0.002231687537868593,ETH/LTC,2017-06-19 03:18
34,59.241706161137444,59.377750000000006,-0.13604383886256244,LTC/BTC,2017-06-19 03:19
35,7.09823963657013,7.026952662721894,0.07128697384823646,ETH/BTC,2017-06-19 03:19
36,0.11964413049824603,0.11834319526627218,0.001300935231973846,ETH/LTC,2017-06-19 03:19
37,59.241706161137444,59.377750000000006,-0.13604383886256244,LTC/BTC,2017-06-19 03:20
38,7.102272727272727,7.029552349241584,0.07272037803114273,ETH/BTC,2017-06-19 03:20
39,0.11964413049824603,0.11838697743248243,0.0012571530657635999,ETH/LTC,2017-06-19 03:20
40,58.99705014749263,59.466950425638466,-0.4699002781458361,LTC/BTC,2017-06-19 03:21
41,7.0916956244238,7.037310834734558,0.05438478968924265,ETH/BTC,2017-06-19 03:21
42,0.11964413049824603,0.11833986414915444,0.0013042663490915873,ETH/LTC,2017-06-19 03:21
43,58.99705014749263,59.4650893499828,-0.46803920249016784,LTC/BTC,2017-06-19 03:21
44,7.068136839129206,7.03762361568947,0.03051322343973606,ETH/BTC,2017-06-19 03:21
45,0.11964413049824603,0.11834882773436052,0.0012953027638855086,ETH/LTC,2017-06-19 03:21
46,58.99705014749263,59.4650893499828,-0.46803920249016784,LTC/BTC,2017-06-19 03:21
47,7.068136839129206,7.03762361568947,0.03051322343973606,ETH/BTC,2017-06-19 03:21
48,0.11964413049824603,0.11834882773436052,0.0012953027638855086,ETH/LTC,2017-06-19 03:21
49,58.99705014749263,59.466950425638466,-0.4699002781458361,LTC/BTC,2017-06-19 03:22
50,7.068136839129206,7.039970359392368,0.02816647973683839,ETH/BTC,2017-06-19 03:22
51,0.11964413049824603,0.11838458688403111,0.001259543614214917,ETH/LTC,2017-06-19 03:22
52,58.99705014749263,59.45237797246558,-0.4553278249729473,LTC/BTC,2017-06-19 03:22
53,7.089684509039348,7.063535079795241,0.026149429244106237,ETH/BTC,2017-06-19 03:22
54,0.11964413049824603,0.11880996724919238,0.0008341632490536516,ETH/LTC,2017-06-19 03:22
55,58.99705014749263,59.508236767929844,-0.5111866204372149,LTC/BTC,2017-06-19 03:23
56,7.124536905101168,7.063535079795241,0.06100182530592679,ETH/BTC,2017-06-19 03:23
57,0.12048192771084336,0.11869844350021003,0.001783484210633332,ETH/LTC,2017-06-19 03:23
58,59.031877213695395,59.71457185778668,-0.6826946440912849,LTC/BTC,2017-06-19 03:24
59,7.124536905101168,7.082405345211582,0.04213155988958661,ETH/BTC,2017-06-19 03:24
60,0.12048192771084336,0.11860430586488492,0.0018776218459584382,ETH/LTC,2017-06-19 03:24
61,59.031877213695395,59.755715627936105,-0.7238384142407099,LTC/BTC,2017-06-19 03:24
62,7.124536905101168,7.082457924706197,0.04207898039497149,ETH/BTC,2017-06-19 03:24
63,0.12048192771084336,0.11852352281754133,0.0019584048933020265,ETH/LTC,2017-06-19 03:24
64,59.031877213695395,59.755715627936105,-0.7238384142407099,LTC/BTC,2017-06-19 03:25
65,7.124536905101168,7.082405345211582,0.04213155988958661,ETH/BTC,2017-06-19 03:25
66,0.12048192771084336,0.11852264291017076,0.0019592848006726032,ETH/LTC,2017-06-19 03:25
67,59.031877213695395,59.71457185778668,-0.6826946440912849,LTC/BTC,2017-06-19 03:25
68,7.124536905101168,7.092831333363073,0.03170557173809563,ETH/BTC,2017-06-19 03:25
69,0.12048192771084336,0.11877890291594176,0.0017030247949016003,ETH/LTC,2017-06-19 03:25
70,59.031877213695395,59.722048328533866,-0.6901711148384706,LTC/BTC,2017-06-19 03:25
71,7.124536905101168,7.079777365491651,0.04475953960951706,ETH/BTC,2017-06-19 03:25
72,0.12048192771084336,0.11854545454545455,0.0019364731653888079,ETH/LTC,2017-06-19 03:25
73,59.241706161137444,59.71644079997496,-0.47473463883751776,LTC/BTC,2017-06-19 03:26
74,7.0736365565537245,7.079803635635012,-0.006167079081287774,ETH/BTC,2017-06-19 03:26
75,0.12048192771084336,0.11855702618562593,0.0019249015252174317,ETH/LTC,2017-06-19 03:26
76,59.241706161137444,59.54553431526167,-0.3038281541242256,LTC/BTC,2017-06-19 03:27
77,7.0736365565537245,7.0374,0.0362365565537246,ETH/BTC,2017-06-19 03:27
78,0.12048192771084336,0.1181851851851852,0.0022967425256581603,ETH/LTC,2017-06-19 03:27
79,59.241706161137444,59.47470890196569,-0.23300274082824757,LTC/BTC,2017-06-19 03:28
80,7.0736365565537245,7.0374,0.0362365565537246,ETH/BTC,2017-06-19 03:28
81,0.12048192771084336,0.11832592592592593,0.0021560017849174273,ETH/LTC,2017-06-19 03:28
82,59.38242280285036,59.47811932636324,-0.09569652351288482,LTC/BTC,2017-06-19 03:29
83,7.0736365565537245,7.050419294990724,0.023217261563000413,ETH/BTC,2017-06-19 03:29
84,0.12048192771084336,0.11853803339517624,0.001943894315667119,ETH/LTC,2017-06-19 03:29
85,59.38242280285036,59.526566416040104,-0.14414361318974755,LTC/BTC,2017-06-19 03:30
86,7.0736365565537245,7.032179985862273,0.04145657069145159,ETH/BTC,2017-06-19 03:30
87,0.12048192771084336,0.1181351522396456,0.0023467754711977568,ETH/LTC,2017-06-19 03:30
88,59.31198102016607,59.57173313268122,-0.2597521125151445,LTC/BTC,2017-06-19 03:31
89,7.124536905101168,7.037433471975823,0.0871034331253453,ETH/BTC,2017-06-19 03:31
90,0.12048192771084336,0.11813377086581803,0.0023481568450253315,ETH/LTC,2017-06-19 03:31
91,59.1715976331361,59.75157232704402,-0.5799746939079213,LTC/BTC,2017-06-19 03:32
92,7.124536905101168,7.040040904190087,0.08449600091108156,ETH/BTC,2017-06-19 03:32
93,0.12048192771084336,0.11782185187792471,0.0026600758329186486,ETH/LTC,2017-06-19 03:32
94,59.1715976331361,59.60350073716239,-0.43190310402628995,LTC/BTC,2017-06-19 03:32
95,7.124536905101168,7.050463821892393,0.07407308320877526,ETH/BTC,2017-06-19 03:32
96,0.12048192771084336,0.11828942486085343,0.0021925028499899246,ETH/LTC,2017-06-19 03:32
97,59.241706161137444,59.92148241206031,-0.6797762509228633,LTC/BTC,2017-06-19 03:33
98,7.124536905101168,7.079406307977736,0.045130597123431926,ETH/BTC,2017-06-19 03:33
99,0.12048192771084336,0.11814471243042671,0.002337215280416652,ETH/LTC,2017-06-19 03:33
100,59.20663114268798,59.676507537688444,-0.46987639500046186,LTC/BTC,2017-06-19 03:34
101,7.124536905101168,7.045287692159378,0.07924921294179033,ETH/BTC,2017-06-19 03:34
102,0.11964355791226777,0.11805797595829408,0.0015855819539736943,ETH/LTC,2017-06-19 03:34
103,59.27682276229994,60.041538171061745,-0.764715408761802,LTC/BTC,2017-06-19 03:35
104,7.124536905101168,7.0745534836984945,0.049983421402673756,ETH/BTC,2017-06-19 03:35
105,0.11964355791226777,0.11782765230868486,0.0018159056035829124,ETH/LTC,2017-06-19 03:35
106,59.27682276229994,59.676507537688444,-0.39968477538850067,LTC/BTC,2017-06-19 03:36
107,7.124536905101168,7.045261569379197,0.0792753357219711,ETH/BTC,2017-06-19 03:36
108,0.11964355791226777,0.11805753821853252,0.0015860196937352578,ETH/LTC,2017-06-19 03:36
109,59.1715976331361,59.75157232704402,-0.5799746939079213,LTC/BTC,2017-06-19 03:36
110,7.124536905101168,7.042624166048925,0.08191273905224339,ETH/BTC,2017-06-19 03:36
111,0.11964355791226777,0.1178650852483321,0.0017784726639356735,ETH/LTC,2017-06-19 03:36
112,59.1715976331361,59.676507537688444,-0.504909904552342,LTC/BTC,2017-06-19 03:37
113,7.124536905101168,7.044713035740768,0.07982386936039987,ETH/BTC,2017-06-19 03:37
114,0.11964355791226777,0.11804834643333828,0.0015952114789294924,ETH/LTC,2017-06-19 03:37
115,59.06674542232723,59.676507537688444,-0.6097621153612138,LTC/BTC,2017-06-19 03:38
116,7.124536905101168,7.044713035740768,0.07982386936039987,ETH/BTC,2017-06-19 03:38
117,0.11964355791226777,0.11804834643333828,0.0015952114789294924,ETH/LTC,2017-06-19 03:38
118,59.06674542232723,59.838750314940796,-0.7720048926135661,LTC/BTC,2017-06-19 03:39
119,7.075638576381518,7.04434228088388,0.03129629549763813,ETH/BTC,2017-06-19 03:39
120,0.11964355791226777,0.11772208215927629,0.0019214757529914805,ETH/LTC,2017-06-19 03:39
121,59.06674542232723,59.67336683417086,-0.6066214118436264,LTC/BTC,2017-06-19 03:40
122,7.124536905101168,7.04434228088388,0.08019462421728818,ETH/BTC,2017-06-19 03:40
123,0.11964355791226777,0.11804834643333828,0.0015952114789294924,ETH/LTC,2017-06-19 03:40
124,59.06674542232723,59.51947236180905,-0.4527269394818205,LTC/BTC,2017-06-19 03:40
125,7.124536905101168,7.026175292896338,0.09836161220483053,ETH/BTC,2017-06-19 03:40
126,0.11964355791226777,0.11804834643333828,0.0015952114789294924,ETH/LTC,2017-06-19 03:40
127,59.06674542232723,59.699999999999996,-0.6332545776727656,LTC/BTC,2017-06-19 03:41
128,7.124536905101168,7.037966666666666,0.0865702384345024,ETH/BTC,2017-06-19 03:41
129,0.11964355791226777,0.11788888888888889,0.0017546690233788825,ETH/LTC,2017-06-19 03:41
130,59.06674542232723,59.68125,-0.6145045776727684,LTC/BTC,2017-06-19 03:41
131,7.124536905101168,7.04527287557467,0.07926402952649791,ETH/BTC,2017-06-19 03:41
132,0.11964355791226777,0.11804834643333828,0.0015952114789294924,ETH/LTC,2017-06-19 03:41
133,59.06674542232723,59.53098370927319,-0.4642382869459567,LTC/BTC,2017-06-19 03:42
134,7.124536905101168,7.037885185185186,0.08665171991598264,ETH/BTC,2017-06-19 03:42
135,0.11964355791226777,0.11822222222222221,0.0014213356900455582,ETH/LTC,2017-06-19 03:42
136,59.06674542232723,59.47136329494242,-0.4046178726151908,LTC/BTC,2017-06-19 03:43
137,7.122507122507122,7.037885185185186,0.08462193732193679,ETH/BTC,2017-06-19 03:43
138,0.11964355791226777,0.11834074074074073,0.0013028171715270404,ETH/LTC,2017-06-19 03:43
139,59.06674542232723,59.35197121401752,-0.28522579169028717,LTC/BTC,2017-06-19 03:44
140,7.122507122507122,7.01719813554306,0.10530898696406243,ETH/BTC,2017-06-19 03:44
141,0.11964355791226777,0.11823024563480321,0.0014133122774645651,ETH/LTC,2017-06-19 03:44
142,59.20663114268798,59.53137433037812,-0.32474318769013877,LTC/BTC,2017-06-19 03:45
143,7.122507122507122,7.0251423290203325,0.09736479348678984,ETH/BTC,2017-06-19 03:45
144,0.11964355791226777,0.11800739371534195,0.0016361641969258184,ETH/LTC,2017-06-19 03:45
145,59.20663114268798,59.66408163265306,-0.4574504899650762,LTC/BTC,2017-06-19 03:45
146,7.122507122507122,7.0251423290203325,0.09736479348678984,ETH/BTC,2017-06-19 03:45
147,0.11964355791226777,0.1177449168207024,0.0018986410915653729,ETH/LTC,2017-06-19 03:45
148,59.20663114268798,59.636733416770966,-0.4301022740829836,LTC/BTC,2017-06-19 03:46
149,7.085665698292354,7.043569844789357,0.04209585350299694,ETH/BTC,2017-06-19 03:46
150,0.11964355791226777,0.1181079083518108,0.0015356495604569725,ETH/LTC,2017-06-19 03:46
151,59.27682276229994,59.70772507988221,-0.43090231758226594,LTC/BTC,2017-06-19 03:47
152,7.124536905101168,7.038367799113738,0.08616910598743033,ETH/BTC,2017-06-19 03:47
153,0.11964355791226777,0.11788035450516987,0.001763203407097902,ETH/LTC,2017-06-19 03:47
154,59.27682276229994,59.74702987367168,-0.4702071113717352,LTC/BTC,2017-06-19 03:48
155,7.124536905101168,7.04096786110085,0.08356904400031784,ETH/BTC,2017-06-19 03:48
156,0.11964355791226777,0.11784632434429257,0.0017972335679752038,ETH/LTC,2017-06-19 03:48
157,59.1715976331361,59.74420864549701,-0.5726110123609089,LTC/BTC,2017-06-19 03:49
158,7.124536905101168,7.038035450516987,0.08650145458418113,ETH/BTC,2017-06-19 03:49
159,0.11964355791226777,0.11780280649926145,0.0018407514130063252,ETH/LTC,2017-06-19 03:49
160,59.20663114268798,59.40438871473354,-0.19775757204556044,LTC/BTC,2017-06-19 03:50
161,7.124536905101168,6.997784342688331,0.12675256241283694,ETH/BTC,2017-06-19 03:50
162,0.11964355791226777,0.11779911373707533,0.0018444441751924445,ETH/LTC,2017-06-19 03:50
163,59.20663114268798,59.40438871473354,-0.19775757204556044,LTC/BTC,2017-06-19 03:51
164,7.124536905101168,6.992619926199262,0.13191697890190657,ETH/BTC,2017-06-19 03:51
165,0.12048192771084336,0.11771217712177122,0.0027697505890721397,ETH/LTC,2017-06-19 03:51
166,59.20663114268798,59.40438871473354,-0.19775757204556044,LTC/BTC,2017-06-19 03:52
167,7.124536905101168,6.984913324413286,0.13962358068788205,ETH/BTC,2017-06-19 03:52
168,0.12048192771084336,0.11758244593603369,0.00289948177480967,ETH/LTC,2017-06-19 03:52
169,59.20663114268798,59.306602002503126,-0.09997085981514431,LTC/BTC,2017-06-19 03:53
170,7.124536905101168,7.004578713968957,0.11995819113221096,ETH/BTC,2017-06-19 03:53
171,0.1204817825520692,0.1181079083518108,0.002373874200258405,ETH/LTC,2017-06-19 03:53
172,59.20663114268798,59.41815047021944,-0.2115193275314553,LTC/BTC,2017-06-19 03:54
173,7.124536905101168,7.004578713968957,0.11995819113221096,ETH/BTC,2017-06-19 03:54
174,0.1204817825520692,0.11788617886178862,0.0025956036902805846,ETH/LTC,2017-06-19 03:54
175,59.27682276229994,59.29780564263323,-0.020982880333285436,LTC/BTC,2017-06-19 03:55
176,7.0821529745042495,6.992717459613323,0.08943551489092627,ETH/BTC,2017-06-19 03:55
177,0.11887115199222106,0.11792540017004917,0.0009457518221718947,ETH/LTC,2017-06-19 03:55
178,59.27682276229994,59.449311639549435,-0.17248887724949213,LTC/BTC,2017-06-19 03:56
179,7.122507122507122,7.023769916084433,0.09873720642268946,ETH/BTC,2017-06-19 03:56
180,0.11887115199222106,0.11814720343055711,0.0007239485616639535,ETH/LTC,2017-06-19 03:56
181,59.241706161137444,59.375,-0.1332938388625564,LTC/BTC,2017-06-19 03:57
182,7.122507122507122,7.029226785053644,0.09328033745347852,ETH/BTC,2017-06-19 03:57
183,0.11961722488038279,0.11838697743248243,0.0012302474479003594,ETH/LTC,2017-06-19 03:57
184,59.241706161137444,59.28237129485179,-0.040665133714348656,LTC/BTC,2017-06-19 03:58
185,7.122507122507122,7.023769916084433,0.09873720642268946,ETH/BTC,2017-06-19 03:58
186,0.11961722488038279,0.118479908321319,0.0011373165590637946,ETH/LTC,2017-06-19 03:58
187,59.20663114268798,59.56112852664577,-0.35449738395778496,LTC/BTC,2017-06-19 03:59
188,7.122507122507122,7.024029574861368,0.09847754764575445,ETH/BTC,2017-06-19 03:59
189,0.1197285036451343,0.11792975970425139,0.0017987439408829048,ETH/LTC,2017-06-19 03:59
190,59.20663114268798,59.31938807368092,-0.11275693099293704,LTC/BTC,2017-06-19 04:00
191,7.116931179275497,7.018865972907178,0.09806520636831895,ETH/BTC,2017-06-19 04:00
192,0.11971746677840298,0.11832330374327206,0.0013941630351309159,ETH/LTC,2017-06-19 04:00
193,59.20663114268798,59.40625,-0.1996188573120179,LTC/BTC,2017-06-19 04:01
194,7.116931179275497,7.0225601128929185,0.0943710663825783,ETH/BTC,2017-06-19 04:01
195,0.11971746677840298,0.11821247954369984,0.0015049872347031312,ETH/LTC,2017-06-19 04:01
196,59.20663114268798,59.40625,-0.1996188573120179,LTC/BTC,2017-06-19 04:02
197,7.116931179275497,7.037899514640386,0.07903166463511102,ETH/BTC,2017-06-19 04:02
198,0.11971746677840298,0.11847069146159513,0.0012467753168078494,ETH/LTC,2017-06-19 04:02
199,59.1715976331361,59.686028257456826,-0.514430624320724,LTC/BTC,2017-06-19 04:03
200,7.116931179275497,7.035529237601777,0.08140194167371995,ETH/BTC,2017-06-19 04:03
201,0.11937875296954649,0.11787564766839378,0.0015031053011527046,ETH/LTC,2017-06-19 04:03
202,59.1715976331361,59.686028257456826,-0.514430624320724,LTC/BTC,2017-06-19 04:04
203,7.109847138286527,7.04074074074074,0.06910639754578707,ETH/BTC,2017-06-19 04:04
204,0.11937875296954649,0.11796296296296296,0.0014157900065835255,ETH/LTC,2017-06-19 04:04
205,59.31198102016607,59.40810650332823,-0.09612548316215452,LTC/BTC,2017-06-19 04:05
206,7.064641469445426,7.04074074074074,0.023900728704685292,ETH/BTC,2017-06-19 04:05
207,0.11839615828145608,0.11851481481481482,-0.00011865653335874082,ETH/LTC,2017-06-19 04:05
208,59.20663114268798,59.33879627013281,-0.13216512744482856,LTC/BTC,2017-06-19 04:06
209,7.064142413111049,7.007786429365962,0.0563559837450871,ETH/BTC,2017-06-19 04:06
210,0.11839615828145608,0.11809788654060066,0.0002982717408554214,ETH/LTC,2017-06-19 04:06
211,59.13660555884092,59.064345760805026,0.07225979803589411,LTC/BTC,2017-06-19 04:07
212,7.078142695356739,7.007786429365962,0.07035626599077727,ETH/BTC,2017-06-19 04:07
213,0.11947759615855631,0.11864664441972562,0.0008309517388306875,ETH/LTC,2017-06-19 04:07
214,59.13660555884092,59.064345760805026,0.07225979803589411,LTC/BTC,2017-06-19 04:08
215,7.078643731860975,7.0199939828623,0.05864974899867459,ETH/BTC,2017-06-19 04:08
216,0.11947431302270013,0.11885332669714856,0.0006209863255515757,ETH/LTC,2017-06-19 04:08
217,59.13660555884092,59.09943714821763,0.037168410623287684,LTC/BTC,2017-06-19 04:09
218,7.080648587410607,7.000544486793418,0.08010410061718964,ETH/BTC,2017-06-19 04:09
219,0.11947431302270013,0.11845365750669497,0.0010206555160051645,ETH/LTC,2017-06-19 04:09
220,58.858151854031775,59.329482672024106,-0.4713308179923317,LTC/BTC,2017-06-19 04:10
221,7.116424708226587,7.019759322537513,0.09666538568907423,ETH/BTC,2017-06-19 04:10
222,0.12180267965895249,0.11831822908928837,0.0034844505696641215,ETH/LTC,2017-06-19 04:10
223,58.858151854031775,59.67478653942742,-0.8166346853956483,LTC/BTC,2017-06-19 04:11
224,7.116424708226587,7.043349388662468,0.07307531956411939,ETH/BTC,2017-06-19 04:11
225,0.12024390273230219,0.11802889959244164,0.002215003139860547,ETH/LTC,2017-06-19 04:11
226,58.858151854031775,59.33262179809141,-0.47446994405963494,LTC/BTC,2017-06-19 04:12
227,7.116424708226587,7.0029640607632455,0.1134606474633415,ETH/BTC,2017-06-19 04:12
228,0.12006228831517791,0.11802889959244164,0.0020333887227362707,ETH/LTC,2017-06-19 04:12
229,58.858151854031775,59.67475514816675,-0.8166032941349783,LTC/BTC,2017-06-19 04:13
230,7.078643731860975,7.0407370370370375,0.03790669482393749,ETH/BTC,2017-06-19 04:13
231,0.12024390273230219,0.11798518518518519,0.002258717547116998,ETH/LTC,2017-06-19 04:13
232,58.858151854031775,59.498851008908616,-0.6406991548768417,LTC/BTC,2017-06-19 04:14
233,7.078142695356739,7.020130738374684,0.05801195698205497,ETH/BTC,2017-06-19 04:14
234,0.12024390273230219,0.11798766899420592,0.002256233738096275,ETH/LTC,2017-06-19 04:14
235,59.10165484633569,59.510090992097226,-0.4084361457615344,LTC/BTC,2017-06-19 04:15
236,7.106815436003127,7.020130738374684,0.086684697628443,ETH/BTC,2017-06-19 04:15
237,0.11964341476662954,0.11796538404397564,0.001678030722653906,ETH/LTC,2017-06-19 04:15
238,59.10165484633569,59.78175414321205,-0.6800992968763566,LTC/BTC,2017-06-19 04:16
239,7.106815436003127,7.030585450645364,0.07622998535776304,ETH/BTC,2017-06-19 04:16
240,0.12024390273230219,0.1176042013388069,0.002639701393495286,ETH/LTC,2017-06-19 04:16
241,59.13660555884092,59.50821736666457,-0.37161180782364767,LTC/BTC,2017-06-19 04:17
242,7.105300554213443,7.015961395694135,0.08933915851930774,ETH/BTC,2017-06-19 04:17
243,0.12024390273230219,0.11789903489235339,0.0023448678399488054,ETH/LTC,2017-06-19 04:17
244,59.13660555884092,59.442714721514605,-0.3061091626736854,LTC/BTC,2017-06-19 04:18
245,7.105300554213443,7.015961395694135,0.08933915851930774,ETH/BTC,2017-06-19 04:18
246,0.12019230769230768,0.11802895322939867,0.002163354462909009,ETH/LTC,2017-06-19 04:18
247,59.1715976331361,59.60828839057621,-0.4366907574401111,LTC/BTC,2017-06-19 04:19
248,7.10631040363843,7.015590200445434,0.0907202031929959,ETH/BTC,2017-06-19 04:19
249,0.12019230769230768,0.11769487750556792,0.0024974301867397575,ETH/LTC,2017-06-19 04:19
250,59.1715976331361,59.95143334699928,-0.7798357138631786,LTC/BTC,2017-06-19 04:20
251,7.10631040363843,7.056421677802524,0.0498887258359062,ETH/BTC,2017-06-19 04:20
252,0.11963368166673645,0.11770230141054193,0.0019313802561945204,ETH/LTC,2017-06-19 04:20
253,59.1715976331361,59.455803711859076,-0.2842060787229741,LTC/BTC,2017-06-19 04:21
254,7.078643731860975,7.015961395694135,0.06268233616683982,ETH/BTC,2017-06-19 04:21
255,0.11963368166673645,0.11800296956198959,0.0016307121047468565,ETH/LTC,2017-06-19 04:21
256,59.1715976331361,59.58701134930644,-0.4154137161703346,LTC/BTC,2017-06-19 04:22
257,7.078643731860975,7.013358070500928,0.06528566136004699,ETH/BTC,2017-06-19 04:22
258,0.11963368166673645,0.11769944341372912,0.0019342382530073282,ETH/LTC,2017-06-19 04:22
259,59.1715976331361,59.78551435670031,-0.6139167235642091,LTC/BTC,2017-06-19 04:23
260,7.078643731860975,7.053803339517625,0.024840392343350004,ETH/BTC,2017-06-19 04:23
261,0.11963368166673645,0.11798515769944343,0.0016485239672930224,ETH/LTC,2017-06-19 04:23
262,59.1715976331361,59.78551435670031,-0.6139167235642091,LTC/BTC,2017-06-19 04:24
263,7.078643731860975,7.053803339517625,0.024840392343350004,ETH/BTC,2017-06-19 04:24
264,0.11963368166673645,0.11798515769944343,0.0016485239672930224,ETH/LTC,2017-06-19 04:24
265,59.347181008902076,59.78551435670031,-0.43833334779823474,LTC/BTC,2017-06-19 04:25
266,7.078643731860975,7.053803339517625,0.024840392343350004,ETH/BTC,2017-06-19 04:25
267,0.11963368166673645,0.11798515769944343,0.0016485239672930224,ETH/LTC,2017-06-19 04:25
268,59.10165484633569,59.78551435670031,-0.6838595103646199,LTC/BTC,2017-06-19 04:26
269,7.078643731860975,7.043349388662468,0.03529434319850733,ETH/BTC,2017-06-19 04:26
270,0.11941866991485448,0.11781030011115229,0.0016083698037021865,ETH/LTC,2017-06-19 04:26
271,59.347181008902076,59.77987421383648,-0.43269320493440233,LTC/BTC,2017-06-19 04:27
272,7.078643731860975,7.053803339517625,0.024840392343350004,ETH/BTC,2017-06-19 04:27
273,0.11941866991485448,0.11799628942486086,0.001422380489993616,ETH/LTC,2017-06-19 04:27
274,59.1715976331361,59.44025157232704,-0.2686539391909406,LTC/BTC,2017-06-19 04:28
275,7.078643731860975,6.995558845299778,0.08308488656119728,ETH/BTC,2017-06-19 04:28
276,0.11941866991485448,0.11769059955588453,0.0017280703589699492,ETH/LTC,2017-06-19 04:28
277,59.38242280285036,59.33576092415871,0.046661878691644176,LTC/BTC,2017-06-19 04:29
278,7.078643731860975,6.995558845299778,0.08308488656119728,ETH/BTC,2017-06-19 04:29
279,0.11947431302270013,0.11789785344189489,0.0015764595808052395,ETH/LTC,2017-06-19 04:29
280,59.1715976331361,59.33262179809141,-0.16102416495530747,LTC/BTC,2017-06-19 04:30
281,7.078643731860975,7.013358070500928,0.06528566136004699,ETH/BTC,2017-06-19 04:30
282,0.11947431302270013,0.11820408163265306,0.0012702313900470746,ETH/LTC,2017-06-19 04:30
283,59.31198102016607,59.33262179809141,-0.020640777925336806,LTC/BTC,2017-06-19 04:31
284,7.078643731860975,7.013358070500928,0.06528566136004699,ETH/BTC,2017-06-19 04:31
285,0.11947431302270013,0.11820408163265306,0.0012702313900470746,ETH/LTC,2017-06-19 04:31
286,59.523809523809526,59.511964735516365,0.01184478829316049,LTC/BTC,2017-06-19 04:32
287,7.0916956244238,7.013358070500928,0.07833755392287234,ETH/BTC,2017-06-19 04:32
288,0.11925006022128042,0.117847866419295,0.0014021938019854185,ETH/LTC,2017-06-19 04:32
289,59.523809523809526,59.392265193370164,0.1315443304393611,LTC/BTC,2017-06-19 04:33
290,7.0916956244238,7.017778123968382,0.07391750045541823,ETH/BTC,2017-06-19 04:33
291,0.11915869197120649,0.11815979911053741,0.000998892860669079,ETH/LTC,2017-06-19 04:33
292,59.523809523809526,59.392265193370164,0.1315443304393611,LTC/BTC,2017-06-19 04:34
293,7.0916956244238,7.017778123968382,0.07391750045541823,ETH/BTC,2017-06-19 04:34
294,0.11915869197120649,0.11815979911053741,0.000998892860669079,ETH/LTC,2017-06-19 04:34
295,59.241706161137444,59.403453689167975,-0.16174752803053138,LTC/BTC,2017-06-19 04:35
296,7.0916956244238,7.017778123968382,0.07391750045541823,ETH/BTC,2017-06-19 04:35
297,0.11915869197120649,0.1181375440002077,0.0010211479709987814,ETH/LTC,2017-06-19 04:35
298,59.41770647653,59.6433952787544,-0.22568880222439702,LTC/BTC,2017-06-19 04:36
299,7.076139258420605,7.047451604407995,0.028687654012609975,ETH/BTC,2017-06-19 04:36
300,0.11866619200189867,0.11815979911053741,0.000506392891361257,ETH/LTC,2017-06-19 04:36
301,59.55926146515783,59.6433952787544,-0.08413381359656569,LTC/BTC,2017-06-19 04:37
302,7.093707881109455,7.037037037037037,0.056670844072417736,ETH/BTC,2017-06-19 04:37
303,0.11929757587325825,0.11798518518518519,0.0013123906880730535,ETH/LTC,2017-06-19 04:37
304,59.594755661501786,59.6433952787544,-0.048639617252611345,LTC/BTC,2017-06-19 04:38
305,7.093707881109455,7.037037037037037,0.056670844072417736,ETH/BTC,2017-06-19 04:38
306,0.11929757587325825,0.11798518518518519,0.0013123906880730535,ETH/LTC,2017-06-19 04:38
307,59.55926146515783,59.56112852664577,-0.001867061487935473,LTC/BTC,2017-06-19 04:39
308,7.099247479767144,7.037037037037037,0.06221044273010712,ETH/BTC,2017-06-19 04:39
309,0.11929757587325825,0.11814814814814815,0.0011494277251100915,ETH/LTC,2017-06-19 04:39
310,59.38242280285036,59.75499121044701,-0.37256840759665266,LTC/BTC,2017-06-19 04:40
311,7.099247479767144,7.0451416389705175,0.054105840796626836,ETH/BTC,2017-06-19 04:40
312,0.11929757587325825,0.11790047151306099,0.0013971043601972571,ETH/LTC,2017-06-19 04:40
313,59.523809523809526,59.6433952787544,-0.11958575494487178,LTC/BTC,2017-06-19 04:41
314,7.099751508697196,7.031984426005018,0.06776708269217746,ETH/BTC,2017-06-19 04:41
315,0.11929757587325825,0.11790047151306099,0.0013971043601972571,ETH/LTC,2017-06-19 04:41
316,59.665871121718375,59.64342667001506,0.022444451703314883,LTC/BTC,2017-06-19 04:42
317,7.099751508697196,7.057953194650817,0.041798314046379126,ETH/BTC,2017-06-19 04:42
318,0.11929757587325825,0.11833580980683507,0.0009617660664231753,ETH/LTC,2017-06-19 04:42
319,59.41770647653,59.860220125786164,-0.44251364925616343,LTC/BTC,2017-06-19 04:43
320,7.111869710546902,7.071155274888558,0.04071443565834354,ETH/BTC,2017-06-19 04:43
321,0.11852554225435583,0.11812778603268945,0.0003977562216663788,ETH/LTC,2017-06-19 04:43
322,59.41770647653,59.69315437925304,-0.27544790272303743,LTC/BTC,2017-06-19 04:44
323,7.111869710546902,7.050203703703703,0.06166600684319867,ETH/BTC,2017-06-19 04:44
324,0.11852554225435583,0.1181074074074074,0.0004181348469484286,ETH/LTC,2017-06-19 04:44
325,59.665871121718375,59.69502634219769,-0.029155220479317734,LTC/BTC,2017-06-19 04:45
326,7.099247479767144,7.050203703703703,0.049043776063441236,ETH/BTC,2017-06-19 04:45
327,0.11839615828145608,0.1181037037037037,0.00029245457775238515,ETH/LTC,2017-06-19 04:45
328,59.665871121718375,59.69502634219769,-0.029155220479317734,LTC/BTC,2017-06-19 04:46
329,7.077641729775639,7.050203703703703,0.027438026071935795,ETH/BTC,2017-06-19 04:46
330,0.11874312774148196,0.1181037037037037,0.0006394240377782662,ETH/LTC,2017-06-19 04:46
331,59.630292188431724,59.69315437925304,-0.06286219082131339,LTC/BTC,2017-06-19 04:47
332,7.077641729775639,7.051535660439565,0.026106069336074178,ETH/BTC,2017-06-19 04:47
333,0.11874312774148196,0.11812972079911391,0.0006134069423680555,ETH/LTC,2017-06-19 04:47
334,59.630292188431724,59.67257053291536,-0.0422783444836341,LTC/BTC,2017-06-19 04:48
335,7.09823963657013,7.051509538803482,0.04673009776664827,ETH/BTC,2017-06-19 04:48
336,0.11808926840155547,0.11817003148731246,-8.076308575699631e-05,ETH/LTC,2017-06-19 04:48
337,59.70149253731343,59.67257053291536,0.028922004398069134,LTC/BTC,2017-06-19 04:49
338,7.09823963657013,7.050203703703703,0.04803593286642727,ETH/BTC,2017-06-19 04:49
339,0.11808926840155547,0.11814814814814815,-5.887974659268824e-05,ETH/LTC,2017-06-19 04:49
340,59.73715651135006,59.67257053291536,0.0645859784346996,LTC/BTC,2017-06-19 04:50
341,7.09823963657013,7.051457296111901,0.046782340458229044,ETH/BTC,2017-06-19 04:50
342,0.11808926840155547,0.11816915599810336,-7.988759654789512e-05,ETH/LTC,2017-06-19 04:50
343,59.41770647653,59.449091252122514,-0.03138477559251385,LTC/BTC,2017-06-19 04:51
344,7.09823963657013,7.002222222222223,0.09601741434790778,ETH/BTC,2017-06-19 04:51
345,0.11898826656703383,0.11778518518518517,0.0012030813818486585,ETH/LTC,2017-06-19 04:51
346,59.630292188431724,59.45096066161442,0.17933152681730746,LTC/BTC,2017-06-19 04:52
347,7.09823963657013,7.0204233197177865,0.0778163168523438,ETH/BTC,2017-06-19 04:52
348,0.11898826656703383,0.11808763460824359,0.0009006319587902406,ETH/LTC,2017-06-19 04:52
349,59.41770647653,59.45096066161442,-0.033254185084416577,LTC/BTC,2017-06-19 04:53
350,7.09823963657013,6.997168711486149,0.10107092508398097,ETH/BTC,2017-06-19 04:53
351,0.11898826656703383,0.1176964784692537,0.0012917880977801333,ETH/LTC,2017-06-19 04:53
352,59.523809523809526,59.56859794331578,-0.04478841950625423,LTC/BTC,2017-06-19 04:54
353,7.09823963657013,7.026757151574548,0.07148248499558196,ETH/BTC,2017-06-19 04:54
354,0.11898826656703383,0.11796076110874831,0.0010275054582855186,ETH/LTC,2017-06-19 04:54
355,59.523809523809526,59.74654885066508,-0.2227393268555531,LTC/BTC,2017-06-19 04:55
356,7.09823963657013,7.031958400414516,0.06628123615561421,ETH/BTC,2017-06-19 04:55
357,0.11898826656703383,0.1176964784692537,0.0012917880977801333,ETH/LTC,2017-06-19 04:55
358,59.523809523809526,59.28643090042639,0.23737862338313676,LTC/BTC,2017-06-19 04:56
359,7.097735822272695,6.998649123780973,0.09908669849172203,ETH/BTC,2017-06-19 04:56
360,0.11904761904761904,0.11804807638927442,0.000999542658344621,ETH/LTC,2017-06-19 04:56
361,59.523809523809526,59.28643090042639,0.23737862338313676,LTC/BTC,2017-06-19 04:57
362,7.097735822272695,6.9861090586670604,0.11162676360563495,ETH/BTC,2017-06-19 04:57
363,0.11836084433891916,0.1178365597753805,0.00052428456353866,ETH/LTC,2017-06-19 04:57
364,59.523809523809526,59.28643090042639,0.23737862338313676,LTC/BTC,2017-06-19 04:58
365,7.097735822272695,7.003703703703704,0.09403211856899141,ETH/BTC,2017-06-19 04:58
366,0.11836070424619026,0.11813333333333333,0.00022737091285693345,ETH/LTC,2017-06-19 04:58
367,59.594755661501786,59.289566089791826,0.30518957170995975,LTC/BTC,2017-06-19 04:59
368,7.075638576381518,7.004074074074074,0.07156450230744404,ETH/BTC,2017-06-19 04:59
369,0.11836070424619026,0.11813333333333333,0.00022737091285693345,ETH/LTC,2017-06-19 04:59
370,59.41770647653,59.67084639498432,-0.25313991845432326,LTC/BTC,2017-06-19 05:00
371,7.075638576381518,7.05519994366218,0.020438632719337768,ETH/BTC,2017-06-19 05:00
372,0.11836070424619026,0.11823529193739088,0.00012541230879938026,ETH/LTC,2017-06-19 05:00
373,59.41770647653,59.24950625411455,0.16820022241545018,LTC/BTC,2017-06-19 05:01
374,7.075638576381518,7.005163064629115,0.07047551175240319,ETH/BTC,2017-06-19 05:01
375,0.11836070424619026,0.11823158550190696,0.00012911874428329917,ETH/LTC,2017-06-19 05:01
376,59.77286312014346,59.35929648241206,0.41356663773139957,LTC/BTC,2017-06-19 05:02
377,7.075638576381518,7.0,0.07563857638151816,ETH/BTC,2017-06-19 05:02
378,0.11836070424619026,0.11792592592592592,0.0004347783202643396,ETH/LTC,2017-06-19 05:02
379,59.38242280285036,59.35929648241206,0.0231263204382941,LTC/BTC,2017-06-19 05:03
380,7.075638576381518,7.0,0.07563857638151816,ETH/BTC,2017-06-19 05:03
381,0.11836070424619026,0.11792592592592592,0.0004347783202643396,ETH/LTC,2017-06-19 05:03
382,59.665871121718375,59.24950625411455,0.41636486760382496,LTC/BTC,2017-06-19 05:04
383,7.026913077085237,6.997408367271381,0.02950470981385589,ETH/BTC,2017-06-19 05:04
384,0.11836070424619026,0.1181007034431692,0.00026000080302106265,ETH/LTC,2017-06-19 05:04
385,59.665871121718375,59.665611285266465,0.0002598364519101892,LTC/BTC,2017-06-19 05:05
386,7.079144839303412,7.046771566086635,0.032373273216776965,ETH/BTC,2017-06-19 05:05
387,0.11836070424619026,0.11810440577563865,0.0002562984705516136,ETH/LTC,2017-06-19 05:05
388,59.73715651135006,59.67257053291536,0.0645859784346996,LTC/BTC,2017-06-19 05:06
389,7.097232079488999,7.050203703703703,0.047028375785296284,ETH/BTC,2017-06-19 05:06
390,0.11890592282292174,0.11814814814814815,0.000757774674773587,ETH/LTC,2017-06-19 05:06
391,59.665871121718375,59.25078369905956,0.4150874226588144,LTC/BTC,2017-06-19 05:07
392,7.097232079488999,7.00037037037037,0.09686170911862924,ETH/BTC,2017-06-19 05:07
393,0.11890592282292174,0.11814814814814815,0.000757774674773587,ETH/LTC,2017-06-19 05:07
394,59.594755661501786,59.0625,0.5322556615017859,LTC/BTC,2017-06-19 05:08
395,7.09823963657013,7.0,0.09823963657013035,ETH/BTC,2017-06-19 05:08
396,0.11890592282292174,0.11851851851851852,0.0003874043044032188,ETH/LTC,2017-06-19 05:08
397,59.594755661501786,59.06875,0.5260056615017845,LTC/BTC,2017-06-19 05:10
398,7.100255609201931,7.000740740740741,0.09951486846119018,ETH/BTC,2017-06-19 05:10
399,0.11890592282292174,0.11851851851851852,0.0003874043044032188,ETH/LTC,2017-06-19 05:10
400,59.55926146515783,59.48623394481077,0.07302752034706117,LTC/BTC,2017-06-19 05:11
401,7.09823963657013,7.049738898559313,0.04850073801081756,ETH/BTC,2017-06-19 05:11
402,0.11890592282292174,0.11851042553979484,0.00039549728312690546,ETH/LTC,2017-06-19 05:11
403,59.523809523809526,59.48623394481077,0.03757557899875508,LTC/BTC,2017-06-19 05:12
404,7.09823963657013,7.037254749731043,0.06098488683908698,ETH/BTC,2017-06-19 05:12
405,0.11890592282292174,0.11830055935731214,0.0006053634656096041,ETH/LTC,2017-06-19 05:12
406,59.38242280285036,59.389722629559145,-0.0072998267087882596,LTC/BTC,2017-06-19 05:13
407,7.09823963657013,7.0479117298578196,0.0503279067123108,ETH/BTC,2017-06-19 05:13
408,0.11890592282292174,0.1186722452606635,0.00023367756225824154,ETH/LTC,2017-06-19 05:13
409,58.9622641509434,59.389722629559145,-0.4274584786157476,LTC/BTC,2017-06-19 05:14
410,7.102777185879679,7.049738898559313,0.05303828732036653,ETH/BTC,2017-06-19 05:14
411,0.11915869197120649,0.11870301099959261,0.00045568097161387267,ETH/LTC,2017-06-19 05:14
412,59.31198102016607,59.389722629559145,-0.07774160939307251,LTC/BTC,2017-06-19 05:15
413,7.103786318107551,7.041654335602249,0.06213198250530194,ETH/BTC,2017-06-19 05:15
414,0.11917871563481734,0.11856688369340042,0.0006118319414169238,ETH/LTC,2017-06-19 05:15
415,59.1715976331361,58.87850467289719,0.2930929602389085,LTC/BTC,2017-06-19 05:16
416,7.103786318107551,6.999974074170095,0.10381224393745647,ETH/BTC,2017-06-19 05:16
417,0.11946475013350186,0.11888844856130161,0.0005763015722002468,ETH/LTC,2017-06-19 05:16
418,59.241706161137444,59.14823043464656,0.09347572649088676,LTC/BTC,2017-06-19 05:17
419,7.103786318107551,7.000740740740741,0.10304557736681019,ETH/BTC,2017-06-19 05:17
420,0.11957574525583231,0.11835925925925926,0.0012164859965730496,ETH/LTC,2017-06-19 05:17
421,59.27682276229994,59.14823043464656,0.12859232765338646,LTC/BTC,2017-06-19 05:18
422,7.103786318107551,7.003334568358651,0.10045174974889992,ETH/BTC,2017-06-19 05:18
423,0.11957574525583231,0.1184031122638014,0.0011726329920309086,ETH/LTC,2017-06-19 05:18
424,59.31198102016607,59.2539184952978,0.05806252486826935,LTC/BTC,2017-06-19 05:19
425,7.106815436003127,7.008657928400601,0.09815750760252584,ETH/BTC,2017-06-19 05:19
426,0.11918951132300357,0.11828176273197502,0.0009077485910285454,ETH/LTC,2017-06-19 05:19
427,59.27682276229994,59.2539184952978,0.02290426700213999,LTC/BTC,2017-06-19 05:20
428,7.092701610043266,7.013729128014842,0.07897248202842366,ETH/BTC,2017-06-19 05:20
429,0.11918951132300357,0.11836734693877551,0.0008221643842280524,ETH/LTC,2017-06-19 05:20
430,59.27682276229994,59.2539184952978,0.02290426700213999,LTC/BTC,2017-06-19 05:21
431,7.092701610043266,7.016332590942836,0.07636901910042937,ETH/BTC,2017-06-19 05:21
432,0.11918951132300357,0.1184112843355605,0.0007782269874430647,ETH/LTC,2017-06-19 05:21
433,59.20663114268798,59.2539184952978,-0.0472873526098212,LTC/BTC,2017-06-19 05:21
434,7.092701610043266,7.018937987374675,0.07376362266859093,ETH/BTC,2017-06-19 05:21
435,0.11918951132300357,0.11845525436316376,0.0007342569598398074,ETH/LTC,2017-06-19 05:21
436,59.241706161137444,59.25206106391649,-0.010354902779049269,LTC/BTC,2017-06-19 05:22
437,7.092701610043266,7.02595611658136,0.06674549346190517,ETH/BTC,2017-06-19 05:22
438,0.11975144390303485,0.11857741301188339,0.0011740308911514646,ETH/LTC,2017-06-19 05:22
439,59.241706161137444,59.25206106391649,-0.010354902779049269,LTC/BTC,2017-06-19 05:23
440,7.092701610043266,7.026765799256506,0.06593581078676003,ETH/BTC,2017-06-19 05:23
441,0.11975144390303485,0.11859107806691449,0.001160365836120364,ETH/LTC,2017-06-19 05:23
442,59.031877213695395,59.26959247648903,-0.23771526279363542,LTC/BTC,2017-06-19 05:24
443,7.074136955291454,7.010381905821283,0.06375504947017152,ETH/BTC,2017-06-19 05:24
444,0.11999428827187827,0.11827956989247312,0.0017147183794051502,ETH/LTC,2017-06-19 05:24
445,59.031877213695395,59.26959247648903,-0.23771526279363542,LTC/BTC,2017-06-19 05:24
446,7.074136955291454,7.010381905821283,0.06375504947017152,ETH/BTC,2017-06-19 05:24
447,0.11999428827187827,0.11827956989247312,0.0017147183794051502,ETH/LTC,2017-06-19 05:24
448,58.858151854031775,58.90258263497305,-0.04443078094127628,LTC/BTC,2017-06-19 05:25
449,7.074136955291454,7.010433815350389,0.06370313994106525,ETH/BTC,2017-06-19 05:25
450,0.12012012012012013,0.11901742677048573,0.0011026933496344066,ETH/LTC,2017-06-19 05:25
451,58.8235294117647,59.37985616029647,-0.5563267485317667,LTC/BTC,2017-06-19 05:25
452,7.074136955291454,7.027631578947368,0.04650537634408636,ETH/BTC,2017-06-19 05:25
453,0.12012012012012013,0.1183504311626524,0.0017696889574677355,ETH/LTC,2017-06-19 05:25
454,58.9622641509434,59.0625,-0.10023584905660243,LTC/BTC,2017-06-19 05:26
455,7.074136955291454,7.024977698483497,0.04915925680795752,ETH/BTC,2017-06-19 05:26
456,0.12012012012012013,0.11894142134998513,0.0011786987701350032,ETH/LTC,2017-06-19 05:26
457,58.927519151443725,58.97035881435257,-0.042839662908846776,LTC/BTC,2017-06-19 05:27
458,7.074136955291454,7.005189028910304,0.0689479263811501,ETH/BTC,2017-06-19 05:27
459,0.12012012012012013,0.11879169755374351,0.001328422566376622,ETH/LTC,2017-06-19 05:27
460,58.927519151443725,58.97035881435257,-0.042839662908846776,LTC/BTC,2017-06-19 05:27
461,7.074136955291454,7.005189028910304,0.0689479263811501,ETH/BTC,2017-06-19 05:27
462,0.12012012012012013,0.11879169755374351,0.001328422566376622,ETH/LTC,2017-06-19 05:27
463,58.58230814294084,58.97035881435257,-0.3880506714117331,LTC/BTC,2017-06-19 05:27
464,7.074136955291454,7.005189028910304,0.0689479263811501,ETH/BTC,2017-06-19 05:27
465,0.12012012012012013,0.11879169755374351,0.001328422566376622,ETH/LTC,2017-06-19 05:27
466,58.78894767783656,59.026521060842434,-0.2375733830058735,LTC/BTC,2017-06-19 05:28
467,7.107320540156361,7.011860637509266,0.09545990264709481,ETH/BTC,2017-06-19 05:28
468,0.1208356996991191,0.11879169755374351,0.0020440021453755897,ETH/LTC,2017-06-19 05:28
469,58.68544600938967,59.338533541341654,-0.6530875319519822,LTC/BTC,2017-06-19 05:30
470,7.111363959607453,7.048925129725723,0.062438829881729774,ETH/BTC,2017-06-19 05:30
471,0.1208356996991191,0.11879169755374351,0.0020440021453755897,ETH/LTC,2017-06-19 05:30
472,58.8235294117647,59.338533541341654,-0.5150041295769512,LTC/BTC,2017-06-19 05:31
473,7.111363959607453,7.048925129725723,0.062438829881729774,ETH/BTC,2017-06-19 05:31
474,0.12077294685990339,0.11879169755374351,0.0019812493061598796,ETH/LTC,2017-06-19 05:31
475,58.78894767783656,59.58206710736552,-0.7931194295289572,LTC/BTC,2017-06-19 05:32
476,7.111363959607453,7.048925129725723,0.062438829881729774,ETH/BTC,2017-06-19 05:32
477,0.12077294685990339,0.11830615270570793,0.0024667941541954563,ETH/LTC,2017-06-19 05:32
478,58.927519151443725,59.43125,-0.5037308485562733,LTC/BTC,2017-06-19 05:33
479,7.111363959607453,7.064609715417104,0.04675424419034879,ETH/BTC,2017-06-19 05:33
480,0.12077294685990339,0.11887028651453746,0.0019026603453659308,ETH/LTC,2017-06-19 05:33
481,58.8235294117647,59.43125,-0.6077205882352956,LTC/BTC,2017-06-19 05:34
482,7.111363959607453,7.064635958395245,0.04672800121220799,ETH/BTC,2017-06-19 05:34
483,0.12077294685990339,0.1188707280832095,0.001902218776693887,ETH/LTC,2017-06-19 05:34
484,58.8235294117647,59.32494457801231,-0.5014151662476038,LTC/BTC,2017-06-19 05:35
485,7.111363959607453,7.057949479940564,0.053414479666888504,ETH/BTC,2017-06-19 05:35
486,0.12077294685990339,0.11897102526002971,0.0018019215998736765,ETH/LTC,2017-06-19 05:35
487,58.8235294117647,59.32491335435727,-0.5013839425925681,LTC/BTC,2017-06-19 05:36
488,7.109341674960898,7.061880691321316,0.04746098363958229,ETH/BTC,2017-06-19 05:36
489,0.12079672689188813,0.11903735365173759,0.001759373240150533,ETH/LTC,2017-06-19 05:36
490,58.99705014749263,59.300842696629225,-0.30379254913659537,LTC/BTC,2017-06-19 05:37
491,7.109341674960898,7.055324916450056,0.05401675851084242,ETH/BTC,2017-06-19 05:37
492,0.11835720203574387,0.11897512068325287,-0.0006179186475089998,ETH/LTC,2017-06-19 05:37
493,59.13660555884092,58.90625,0.23035555884091963,LTC/BTC,2017-06-19 05:39
494,7.06713780918728,7.006132689091247,0.06100512009603243,ETH/BTC,2017-06-19 05:39
495,0.11999428827187827,0.11893700055751719,0.0010572877143610881,ETH/LTC,2017-06-19 05:39
496,59.06674542232723,59.02984373532083,0.03690168700639873,LTC/BTC,2017-06-19 05:40
497,7.06713780918728,7.006132689091247,0.06100512009603243,ETH/BTC,2017-06-19 05:40
498,0.11999428827187827,0.11868797621259988,0.0013063120592783917,ETH/LTC,2017-06-19 05:40
499,59.1715976331361,59.02984373532083,0.1417538978152706,LTC/BTC,2017-06-19 05:41
500,7.06713780918728,7.015258652772609,0.051879156414671,ETH/BTC,2017-06-19 05:41
501,0.11999428827187827,0.1188425753628582,0.0011517129090200806,ETH/LTC,2017-06-19 05:41
502,58.9622641509434,59.12612527837897,-0.1638611274355739,LTC/BTC,2017-06-19 05:42
503,7.06713780918728,7.015258652772609,0.051879156414671,ETH/BTC,2017-06-19 05:42
504,0.11999428827187827,0.11864905098622999,0.001345237285648282,ETH/LTC,2017-06-19 05:42
505,59.10165484633569,59.02984373532083,0.07181111101485982,LTC/BTC,2017-06-19 05:43
506,7.06713780918728,7.017870439314967,0.04926736987231273,ETH/BTC,2017-06-19 05:43
507,0.11999428827187827,0.1188868205510052,0.0011074677208730704,ETH/LTC,2017-06-19 05:43
508,59.10165484633569,59.03169234623575,0.06996250009994043,LTC/BTC,2017-06-19 05:44
509,7.064641469445426,7.02048417132216,0.04415729812326585,ETH/BTC,2017-06-19 05:44
510,0.11999428827187827,0.11892737430167598,0.0010669139702022962,ETH/LTC,2017-06-19 05:44
511,59.06674542232723,59.03169234623575,0.03505307609147934,LTC/BTC,2017-06-19 05:45
512,7.109341674960898,7.020196565503833,0.089145109457065,ETH/BTC,2017-06-19 05:45
513,0.12024289063909097,0.11892250224385592,0.0013203883952350448,ETH/LTC,2017-06-19 05:45
514,59.10165484633569,59.02984373532083,0.07181111101485982,LTC/BTC,2017-06-19 05:46
515,7.109341674960898,7.030696355973295,0.0786453189876033,ETH/BTC,2017-06-19 05:46
516,0.12019490806291483,0.11910409906381708,0.0010908089990977476,ETH/LTC,2017-06-19 05:46
517,59.031877213695395,59.4932828108853,-0.46140559718990204,LTC/BTC,2017-06-19 05:47
518,7.109341674960898,7.075311625966907,0.034030048993991535,ETH/BTC,2017-06-19 05:47
519,0.12015894625410493,0.11892622648606574,0.001232719768039195,ETH/LTC,2017-06-19 05:47
520,59.031877213695395,59.4932828108853,-0.46140559718990204,LTC/BTC,2017-06-19 05:48
521,7.109341674960898,7.072967237527923,0.036374437432975526,ETH/BTC,2017-06-19 05:48
522,0.12041417660183969,0.1188868205510052,0.001527356050834483,ETH/LTC,2017-06-19 05:48
523,59.031877213695395,59.376140767595956,-0.34426355390056074,LTC/BTC,2017-06-19 05:49
524,7.109341674960898,7.071650846826727,0.03769082813417146,ETH/BTC,2017-06-19 05:49
525,0.12041417660183969,0.11909919970221478,0.0013149768996249117,ETH/LTC,2017-06-19 05:49
526,59.031877213695395,59.376140767595956,-0.34426355390056074,LTC/BTC,2017-06-19 05:49
527,7.109341674960898,7.071650846826727,0.03769082813417146,ETH/BTC,2017-06-19 05:49
528,0.12041417660183969,0.11909919970221478,0.0013149768996249117,ETH/LTC,2017-06-19 05:49
529,58.78894767783656,59.001801298176964,-0.2128536203404039,LTC/BTC,2017-06-19 05:50
530,7.109341674960898,7.070334946036472,0.03900672892442625,ETH/BTC,2017-06-19 05:50
531,0.12041417660183969,0.11983252698176405,0.0005816496200756333,ETH/LTC,2017-06-19 05:50
532,58.51375073142188,58.54542372881357,-0.03167299739168783,LTC/BTC,2017-06-19 05:51
533,7.109341674960898,7.061163579868352,0.048178095092546336,ETH/BTC,2017-06-19 05:51
534,0.12047133203947123,0.12061000040884746,-0.0001386683693762325,ETH/LTC,2017-06-19 05:51
535,58.8235294117647,58.31181706568447,0.5117123460802304,LTC/BTC,2017-06-19 05:51
536,7.109341674960898,7.053560754291062,0.05578092066983675,ETH/BTC,2017-06-19 05:51
537,0.1208356996991191,0.12096280152521545,-0.00012710182609634857,ETH/LTC,2017-06-19 05:51
538,58.343057176196034,57.74465045592706,0.5984067202689758,LTC/BTC,2017-06-19 05:53
539,7.102272727272727,7.053272693521441,0.0490000337512857,ETH/BTC,2017-06-19 05:53
540,0.12135922330097088,0.12214590681269723,-0.0007866835117263521,ETH/LTC,2017-06-19 05:53
541,58.343057176196034,57.14592705167173,1.197130124524307,LTC/BTC,2017-06-19 05:53
542,7.102272727272727,6.980141080378689,0.12213164689403744,ETH/BTC,2017-06-19 05:53
543,0.12135922330097088,0.12214590681269723,-0.0007866835117263521,ETH/LTC,2017-06-19 05:53
544,58.20721769499418,57.74772036474164,0.4594973302525389,LTC/BTC,2017-06-19 05:54
545,7.102272727272727,7.026257396449704,0.07601533082302225,ETH/BTC,2017-06-19 05:54
546,0.12195121951219513,0.12167159763313609,0.00027962187905904157,ETH/LTC,2017-06-19 05:54
547,58.17335660267597,57.76527820006081,0.4080784026151605,LTC/BTC,2017-06-19 05:54
548,7.102272727272727,7.023945520889944,0.07832720638278268,ETH/BTC,2017-06-19 05:54
549,0.12210012210012211,0.1215945934954841,0.0005055286046380114,ETH/LTC,2017-06-19 05:54
550,58.17335660267597,57.75919732441472,0.414159278261252,LTC/BTC,2017-06-19 05:55
551,7.102272727272727,7.042681683540878,0.059591043731848536,ETH/BTC,2017-06-19 05:55
552,0.12215963576883,0.12193177900282122,0.00022785676600878269,ETH/LTC,2017-06-19 05:55
553,58.03830528148578,57.53176862507572,0.5065366564100628,LTC/BTC,2017-06-19 05:56
554,7.102272727272727,7.064704351059874,0.03756837621285225,ETH/BTC,2017-06-19 05:56
555,0.12242809186024588,0.12279657865377464,-0.0003684867935287578,ETH/LTC,2017-06-19 05:56
556,57.903879559930516,56.58682634730539,1.317053212625126,LTC/BTC,2017-06-19 05:57
557,7.102272727272727,7.03850321946351,0.06376950780921664,ETH/BTC,2017-06-19 05:57
558,0.12259754780384884,0.12438413096829694,-0.0017865831644481023,ETH/LTC,2017-06-19 05:57
559,57.67012687427912,55.60227138643067,2.0678554878484476,LTC/BTC,2017-06-19 05:58
560,7.092198581560284,7.019521459826831,0.0726771217334532,ETH/BTC,2017-06-19 05:58
561,0.12304330386036062,0.12624522856344847,-0.0032019247030878467,ETH/LTC,2017-06-19 05:58
562,57.20823798627003,56.396936594633104,0.811301391636924,LTC/BTC,2017-06-19 05:59
563,7.092198581560284,7.075424268492967,0.016774313067316804,ETH/BTC,2017-06-19 05:59
564,0.12416684050024336,0.1254575992194279,-0.0012907587191845343,ETH/LTC,2017-06-19 05:59
565,57.14285714285714,56.28350208457415,0.8593550582829863,LTC/BTC,2017-06-19 06:00
566,7.111869710546902,7.038319740811082,0.07354996973581951,ETH/BTC,2017-06-19 06:00
567,0.12475796953909415,0.12505120470710906,-0.00029323516801491034,ETH/LTC,2017-06-19 06:00
568,57.2737686139748,56.21298816568048,1.0607804482943237,LTC/BTC,2017-06-19 06:01
569,7.129616426636248,7.089522054022186,0.040094372614061236,ETH/BTC,2017-06-19 06:01
570,0.125,0.1261189323920433,-0.0011189323920433036,ETH/LTC,2017-06-19 06:01
571,57.17552887364209,55.88232352941177,1.2932053442303157,LTC/BTC,2017-06-19 06:02
572,7.083658000991712,7.096459611786106,-0.012801610794393348,ETH/BTC,2017-06-19 06:02
573,0.1243312532714661,0.12698934410003773,-0.00265809082857163,ETH/LTC,2017-06-19 06:02
574,57.110222729868646,56.0007988638381,1.1094238660305464,LTC/BTC,2017-06-19 06:02
575,7.077140835102618,7.084866497722246,-0.00772566261962826,ETH/BTC,2017-06-19 06:02
576,0.12482836100362003,0.1265136684022774,-0.001685307398657368,ETH/LTC,2017-06-19 06:02
577,57.43825387708214,56.005917159763314,1.432336717318826,LTC/BTC,2017-06-19 06:03
578,7.128599942971201,7.063406479826567,0.06519346314463359,ETH/BTC,2017-06-19 06:03
579,0.12453300124533002,0.1261189323920433,-0.0015859311467132792,ETH/LTC,2017-06-19 06:03
580,57.37234652897303,55.9073654474296,1.464981081543435,LTC/BTC,2017-06-19 06:04
581,7.128599942971201,7.089205556737153,0.03939438623404801,ETH/BTC,2017-06-19 06:04
582,0.12437810945273634,0.12680271195041773,-0.002424602497681394,ETH/LTC,2017-06-19 06:04
583,57.37234652897303,55.879411764705885,1.4929347642671473,LTC/BTC,2017-06-19 06:05
584,7.128599942971201,7.089179104477612,0.03942083849358902,ETH/BTC,2017-06-19 06:05
585,0.12498593908185329,0.12686567164179105,-0.001879732559937758,ETH/LTC,2017-06-19 06:05
586,57.3394495412844,55.895851721094445,1.4435978201899573,LTC/BTC,2017-06-19 06:06
587,7.129108148570613,7.089179104477612,0.03992904409300113,ETH/BTC,2017-06-19 06:06
588,0.12513217085546607,0.12682835820895522,-0.0016961873534891425,ETH/LTC,2017-06-19 06:06
589,57.3394495412844,55.930407135918045,1.4090424053663568,LTC/BTC,2017-06-19 06:06
590,7.129108148570613,7.089179104477612,0.03992904409300113,ETH/BTC,2017-06-19 06:06
591,0.12513217085546607,0.12675,-0.0016178291445339277,ETH/LTC,2017-06-19 06:06
592,57.077625570776256,56.12685376661742,0.9507718041588333,LTC/BTC,2017-06-19 06:08
593,7.1301247771836,7.08915671641791,0.04096806076568971,ETH/BTC,2017-06-19 06:08
594,0.12485797405451299,0.12630597014925374,-0.00144799609474075,ETH/LTC,2017-06-19 06:08
595,57.04506560182544,56.20988165680473,0.8351839450207095,LTC/BTC,2017-06-19 06:09
596,7.1301247771836,7.08915671641791,0.04096806076568971,ETH/BTC,2017-06-19 06:09
597,0.12453424193516248,0.12611940298507462,-0.0015851610499121455,ETH/LTC,2017-06-19 06:09
598,57.04506560182544,56.51250780808471,0.5325577937407289,LTC/BTC,2017-06-19 06:09
599,7.1301247771836,7.08915671641791,0.04096806076568971,ETH/BTC,2017-06-19 06:09
600,0.12453424193516248,0.12544402985074626,-0.0009097879155837846,ETH/LTC,2017-06-19 06:09
601,56.81818181818181,55.704801633087776,1.1133801850940372,LTC/BTC,2017-06-19 06:10
602,7.1301247771836,7.025611749166051,0.10451302801754903,ETH/BTC,2017-06-19 06:10
603,0.12453439702312978,0.1261221931179618,-0.0015877960948320197,ETH/LTC,2017-06-19 06:10
604,56.657223796033996,55.46032400589101,1.1968997901429859,LTC/BTC,2017-06-19 06:11
605,7.1301247771836,7.033537542024654,0.09658723515894518,ETH/BTC,2017-06-19 06:11
606,0.1260096523393692,0.1268210683601046,-0.0008114160207353949,ETH/LTC,2017-06-19 06:11
607,56.56108597285068,55.46032400589101,1.1007619669596664,LTC/BTC,2017-06-19 06:11
608,7.1301247771836,7.033537542024654,0.09658723515894518,ETH/BTC,2017-06-19 06:11
609,0.1264222503160556,0.1268210683601046,-0.0003988180440489819,ETH/LTC,2017-06-19 06:11
610,56.529112492933855,55.37876470588235,1.1503477870515084,LTC/BTC,2017-06-19 06:13
611,7.1301247771836,7.038796261682243,0.09132851550135701,ETH/BTC,2017-06-19 06:13
612,0.12610340479192939,0.12710280373831775,-0.000999398946388369,ETH/LTC,2017-06-19 06:13
613,56.433408577878104,54.907456647398845,1.525951930479259,LTC/BTC,2017-06-19 06:15
614,7.122507122507122,7.088798507462687,0.033708615044435675,ETH/BTC,2017-06-19 06:15
615,0.12645070572138864,0.1291044776119403,-0.0026537718905516594,ETH/LTC,2017-06-19 06:15
616,56.21135469364812,55.23255813953488,0.978796554113238,LTC/BTC,2017-06-19 06:17
617,7.109341674960898,7.107985260283197,0.001356414677701423,ETH/BTC,2017-06-19 06:17
618,0.127313768602133,0.1286919436598642,-0.0013781750577311902,ETH/LTC,2017-06-19 06:17
619,56.02240896358543,55.002895193978,1.0195137696074283,LTC/BTC,2017-06-19 06:18
620,7.141326858530316,7.109976721731125,0.03135013679919041,ETH/BTC,2017-06-19 06:18
621,0.12820660751213797,0.1292654995097342,-0.001058891997596234,ETH/LTC,2017-06-19 06:18
622,55.89714924538848,54.98250728862974,0.9146419567587429,LTC/BTC,2017-06-19 06:19
623,7.141326858530316,7.055236527562148,0.08609033096816798,ETH/BTC,2017-06-19 06:19
624,0.1282301166381141,0.12831783917248085,-8.772253436675759e-05,ETH/LTC,2017-06-19 06:19
625,56.05381165919282,55.22674418604651,0.8270674731463075,LTC/BTC,2017-06-19 06:20
626,7.142857142857142,7.080906004122268,0.06195113873487479,ETH/BTC,2017-06-19 06:20
627,0.1282575822676197,0.12821516293389093,4.241933372878259e-05,ETH/LTC,2017-06-19 06:20
628,55.83472920156338,55.228349661327364,0.6063795402360128,LTC/BTC,2017-06-19 06:21
629,7.144898542440697,7.080879612374208,0.06401893006648951,ETH/BTC,2017-06-19 06:21
630,0.12823028106795306,0.12821095788296683,1.9323184986236308e-05,ETH/LTC,2017-06-19 06:21
631,56.497175141242934,55.50686532281624,0.9903098184266952,LTC/BTC,2017-06-19 06:23
632,7.157683773530885,7.084265473527219,0.07341830000366656,ETH/BTC,2017-06-19 06:23
633,0.12725107145402165,0.12762863534675617,-0.0003775638927345226,ETH/LTC,2017-06-19 06:23
634,56.78591709256104,55.73953052193535,1.0463865706256925,LTC/BTC,2017-06-19 06:25
635,7.157683773530885,7.093044937534962,0.06463883599592357,ETH/BTC,2017-06-19 06:25
636,0.12713361997726852,0.12725340294611226,-0.00011978296884374018,ETH/LTC,2017-06-19 06:25
637,56.56108597285068,56.05658709106985,0.504498881780826,LTC/BTC,2017-06-19 06:26
638,7.165376898824879,7.0943677732189485,0.0710091256059302,ETH/BTC,2017-06-19 06:26
639,0.1272264631043257,0.1265572547556882,0.0006692083486375122,ETH/LTC,2017-06-19 06:26
640,56.433408577878104,55.78039767728312,0.6530109005949853,LTC/BTC,2017-06-19 06:28
641,7.163323782234957,7.115600448933782,0.04772333330117462,ETH/BTC,2017-06-19 06:28
642,0.12738837275366527,0.1275645342312009,-0.00017616147753563016,ETH/LTC,2017-06-19 06:28
643,56.14823133071308,55.94117647058823,0.20705486012484897,LTC/BTC,2017-06-19 06:29
644,7.163323782234957,7.123595505617978,0.03972827661697931,ETH/BTC,2017-06-19 06:29
645,0.1285338783169774,0.12734082397003746,0.001193054346939948,ETH/LTC,2017-06-19 06:29
646,56.14823133071308,55.94117647058823,0.20705486012484897,LTC/BTC,2017-06-19 06:29
647,7.163323782234957,7.123595505617978,0.03972827661697931,ETH/BTC,2017-06-19 06:29
648,0.1285338783169774,0.12734082397003746,0.001193054346939948,ETH/LTC,2017-06-19 06:29
649,56.369785794813986,55.429138222766795,0.9406475720471903,LTC/BTC,2017-06-19 06:31
650,7.146941109205261,7.102803738317757,0.04413737088750391,ETH/BTC,2017-06-19 06:31
651,0.12756013184615228,0.12814205607476634,-0.0005819242286140558,ETH/LTC,2017-06-19 06:31
652,56.21135469364812,55.45189504373178,0.7594596499163373,LTC/BTC,2017-06-19 06:32
653,7.146941109205261,7.123568825584922,0.02337228362033894,ETH/BTC,2017-06-19 06:32
654,0.12730566472016305,0.1284639383373096,-0.0011582736171465435,ETH/LTC,2017-06-19 06:32
655,55.99104143337066,55.23255813953488,0.7584832938357806,LTC/BTC,2017-06-19 06:32
656,7.146941109205261,7.116078216935517,0.030862892269744258,ETH/BTC,2017-06-19 06:32
657,0.12730566472016305,0.1288384687697799,-0.0015328040496168371,ETH/LTC,2017-06-19 06:32
658,56.17977528089888,55.130434782608695,1.049340498290185,LTC/BTC,2017-06-19 06:33
659,7.142857142857142,7.123568825584922,0.019288317272220468,ETH/BTC,2017-06-19 06:33
660,0.12912856297987402,0.12921299920225016,-8.443622237613857e-05,ETH/LTC,2017-06-19 06:33
661,55.83472920156338,55.130434782608695,0.7042944189546816,LTC/BTC,2017-06-19 06:34
662,7.152564194263644,7.123595505617978,0.028968688645666596,ETH/BTC,2017-06-19 06:34
663,0.12803244854375892,0.12921348314606743,-0.001181034602308506,ETH/LTC,2017-06-19 06:35
664,55.80357142857143,54.93043478260869,0.8731366459627381,LTC/BTC,2017-06-19 06:35
665,7.152564194263644,7.066048218107517,0.08651597615612694,ETH/BTC,2017-06-19 06:35
666,0.128531400221074,0.12863630601272194,-0.00010490579164793012,ETH/LTC,2017-06-19 06:35
667,55.710306406685234,55.25072886297376,0.4595775437114753,LTC/BTC,2017-06-19 06:37
668,7.152564194263644,7.095095469861475,0.057468724402169435,ETH/BTC,2017-06-19 06:37
669,0.1279423542928498,0.12841632347435417,-0.00047396918150435785,ETH/LTC,2017-06-19 06:37
670,55.61735261401557,55.35036347775517,0.2669891362604062,LTC/BTC,2017-06-19 06:37
671,7.152564194263644,7.126540621490079,0.02602357277356493,ETH/BTC,2017-06-19 06:37
672,0.1279423542928498,0.12875327592661923,-0.0008109216337694181,ETH/LTC,2017-06-19 06:37
673,55.58643690939411,55.3343023255814,0.2521345838127118,LTC/BTC,2017-06-19 06:38
674,7.1510297482837535,7.107916355489171,0.043113392794582595,ETH/BTC,2017-06-19 06:38
675,0.12886564725348645,0.128454070201643,0.0004115770518434425,ETH/LTC,2017-06-19 06:38
676,55.58643690939411,54.927536231884055,0.6589006775100543,LTC/BTC,2017-06-19 06:39
677,7.1510297482837535,7.076176250933533,0.07485349735022062,ETH/BTC,2017-06-19 06:39
678,0.12919896640826872,0.12882748319641524,0.000371483211853485,ETH/LTC,2017-06-19 06:39
679,55.49389567147613,54.848046309696095,0.6458493617800372,LTC/BTC,2017-06-19 06:40
680,7.11439954467843,7.092065868263473,0.02233367641495665,ETH/BTC,2017-06-19 06:40
681,0.12919896640826872,0.12930389221556887,-0.00010492580730014911,ETH/LTC,2017-06-19 06:40
682,55.865921787709496,55.33139534883721,0.5345264388722839,LTC/BTC,2017-06-19 06:41
683,7.152564194263644,7.118175018698579,0.0343891755650656,ETH/BTC,2017-06-19 06:41
684,0.12754809200809164,0.1286462228870606,-0.001098130878968956,ETH/LTC,2017-06-19 06:41
685,55.61735261401557,55.10646155635686,0.5108910576587107,LTC/BTC,2017-06-19 06:42
686,7.153075822603719,7.0761799850634794,0.07689583754023932,ETH/BTC,2017-06-19 06:42
687,0.12838470219242556,0.12840926064227035,-2.4558449844780394e-05,ETH/LTC,2017-06-19 06:42
688,55.61735261401557,55.10646155635686,0.5108910576587107,LTC/BTC,2017-06-19 06:42
689,7.153075822603719,7.0761799850634794,0.07689583754023932,ETH/BTC,2017-06-19 06:42
690,0.12838470219242556,0.12840926064227035,-2.4558449844780394e-05,ETH/LTC,2017-06-19 06:42
691,55.58643690939411,55.30266153037996,0.28377537901415195,LTC/BTC,2017-06-19 06:43
692,7.142857142857142,7.08408940527325,0.0587677375838922,ETH/BTC,2017-06-19 06:43
693,0.1288659793814433,0.12809671739544898,0.000769261985994335,ETH/LTC,2017-06-19 06:43
694,55.61735261401557,55.393189125986545,0.22416348802902775,LTC/BTC,2017-06-19 06:43
695,7.153587524143358,7.08408940527325,0.06949811887010782,ETH/BTC,2017-06-19 06:43
696,0.1291293966945457,0.12788737238365463,0.0012420243108910711,ETH/LTC,2017-06-19 06:43
697,56.05381165919282,55.25364431486881,0.8001673443240094,LTC/BTC,2017-06-19 06:46
698,7.165376898824879,7.076923076923077,0.08845382190180207,ETH/BTC,2017-06-19 06:46
699,0.1279942658568896,0.1280806572068708,-8.63913499812019e-05,ETH/LTC,2017-06-19 06:46
700,55.95970900951315,55.63707579433515,0.32263321517799426,LTC/BTC,2017-06-19 06:46
701,7.165376898824879,7.1075429424943986,0.05783395633048016,ETH/BTC,2017-06-19 06:46
702,0.1286984723491332,0.12774831964152353,0.000950152707609675,ETH/LTC,2017-06-19 06:46
703,55.89714924538848,55.476537452637714,0.4206117927507691,LTC/BTC,2017-06-19 06:47
704,7.152564194263644,7.112828427397505,0.03973576686613889,ETH/BTC,2017-06-19 06:47
705,0.1286984723491332,0.12821327274561753,0.0004851996035156736,ETH/LTC,2017-06-19 06:47
706,55.92841163310962,55.120262920629386,0.8081487124802322,LTC/BTC,2017-06-19 06:48
707,7.142346975216056,7.084859813084112,0.05748716213194438,ETH/BTC,2017-06-19 06:48
708,0.1286984723491332,0.12853457943925234,0.0001638929098808639,ETH/LTC,2017-06-19 06:48
709,55.92841163310962,55.091421760995324,0.8369898721142945,LTC/BTC,2017-06-19 06:48
710,7.142346975216056,7.084859813084112,0.05748716213194438,ETH/BTC,2017-06-19 06:48
711,0.1286984723491332,0.1286018691588785,9.660319025470154e-05,ETH/LTC,2017-06-19 06:48
712,55.89714924538848,55.16808695652174,0.7290622888667428,LTC/BTC,2017-06-19 06:49
713,7.165376898824879,7.112477578475337,0.05289932034954159,ETH/BTC,2017-06-19 06:49
714,0.1286984723491332,0.1289237668161435,-0.0002252944670103063,ETH/LTC,2017-06-19 06:49
715,55.648302726766836,54.774566473988436,0.8737362527784001,LTC/BTC,2017-06-19 06:50
716,7.165376898824879,7.076923076923077,0.08845382190180207,ETH/BTC,2017-06-19 06:50
717,0.12853470437017994,0.12920089619118746,-0.0006661918210075224,ETH/LTC,2017-06-19 06:50
718,55.49389567147613,54.648212226066896,0.8456834454092359,LTC/BTC,2017-06-19 06:51
719,7.165376898824879,7.08748284411801,0.07789405470686894,ETH/BTC,2017-06-19 06:51
720,0.1295336787564767,0.12969285829147983,-0.00015917953500313442,ETH/LTC,2017-06-19 06:51
721,55.49389567147613,54.648212226066896,0.8456834454092359,LTC/BTC,2017-06-19 06:51
722,7.165376898824879,7.08748284411801,0.07789405470686894,ETH/BTC,2017-06-19 06:51
723,0.1295336787564767,0.12969285829147983,-0.00015917953500313442,ETH/LTC,2017-06-19 06:51
724,55.55555555555556,54.85302593659942,0.7025296189561345,LTC/BTC,2017-06-19 06:52
725,7.165890361877463,7.120838009726898,0.0450523521505648,ETH/BTC,2017-06-19 06:52
726,0.1295320008808176,0.12981668537224092,-0.00028468449142332597,ETH/LTC,2017-06-19 06:52
727,55.46311702717693,54.69252873563219,0.7705882915447404,LTC/BTC,2017-06-19 06:53
728,7.165376898824879,7.12312874251497,0.04224815630990886,ETH/BTC,2017-06-19 06:53
729,0.1295336787564767,0.13023952095808383,-0.000705842201607132,ETH/LTC,2017-06-19 06:53
730,55.40166204986149,54.43262411347518,0.9690379363863144,LTC/BTC,2017-06-19 06:54
731,7.177205196296562,7.141409972610963,0.035795223685599176,ETH/BTC,2017-06-19 06:54
732,0.12987012987012986,0.1311972385847747,-0.0013271087146448368,ETH/LTC,2017-06-19 06:54
733,55.340343110127286,53.92504036941556,1.4153027407117236,LTC/BTC,2017-06-19 06:55
734,7.177205196296562,7.123877245508982,0.05332795078757968,ETH/BTC,2017-06-19 06:55
735,0.12987012987012986,0.1321070359281437,-0.0022369060580138544,ETH/LTC,2017-06-19 06:55
736,55.035773252614206,53.575466365178066,1.4603068874361398,LTC/BTC,2017-06-19 06:56
737,7.1890726096333575,7.078307629112364,0.11076498052099382,ETH/BTC,2017-06-19 06:56
738,0.13071895424836602,0.13211845102505695,-0.0013994967766909339,ETH/LTC,2017-06-19 06:56
739,55.035773252614206,53.41392622650548,1.6218470261087248,LTC/BTC,2017-06-19 06:56
740,7.1937270699949645,7.080687336570788,0.11303973342417617,ETH/BTC,2017-06-19 06:56
741,0.13140500863330906,0.1325625700410908,-0.0011575614077817264,ETH/LTC,2017-06-19 06:56
742,54.70459518599562,53.69534555712271,1.0092496288729151,LTC/BTC,2017-06-19 06:58
743,7.192692224699706,7.129213483146067,0.06347874155363886,ETH/BTC,2017-06-19 06:58
744,0.1322655097843411,0.13277153558052435,-0.0005060257961832515,ETH/LTC,2017-06-19 06:58
745,54.614964500273075,53.47064606741573,1.1443184328573466,LTC/BTC,2017-06-19 06:59
746,7.170000717000071,7.134763868065967,0.035236848934103726,ETH/BTC,2017-06-19 06:59
747,0.1322655097843411,0.13343328335832083,-0.0011677735739797357,ETH/LTC,2017-06-19 06:59
748,54.4069640914037,53.4733893557423,0.9335747356614021,LTC/BTC,2017-06-19 07:00
749,7.194244604316546,7.148019036421572,0.04622556789497434,ETH/BTC,2017-06-19 07:00
750,0.13173998216240643,0.13367432142496077,-0.0019343392625543465,ETH/LTC,2017-06-19 07:00
751,54.85463521667581,53.80281690140845,1.0518183152673615,LTC/BTC,2017-06-19 07:01
752,7.171543316121629,7.150879820292025,0.020663495829603917,ETH/BTC,2017-06-19 07:01
753,0.131913591321141,0.13290902283788844,-0.0009954315167474415,ETH/LTC,2017-06-19 07:01
754,54.975261132490374,54.107648725212464,0.8676124072779103,LTC/BTC,2017-06-19 07:02
755,7.171543316121629,7.140186915887851,0.03135640023377828,ETH/BTC,2017-06-19 07:02
756,0.1299259811685283,0.1319626168224299,-0.0020366356539016084,ETH/LTC,2017-06-19 07:02
757,55.06607929515419,53.84050396903867,1.2255753261155178,LTC/BTC,2017-06-19 07:04
758,7.165890361877463,7.124806543502478,0.04108381837498509,ETH/BTC,2017-06-19 07:04
759,0.12982309007515458,0.13233172088432985,-0.0025086308091752663,ETH/LTC,2017-06-19 07:04
760,55.18763796909492,53.97162518052842,1.216012788566502,LTC/BTC,2017-06-19 07:05
761,7.171543316121629,7.135262625884467,0.03628069023716218,ETH/BTC,2017-06-19 07:05
762,0.13024649148513562,0.13220396091497885,-0.001957469429843234,ETH/LTC,2017-06-19 07:05
763,54.94505494505494,53.991501416430594,0.9535535286243473,LTC/BTC,2017-06-19 07:06
764,7.19165767709457,7.138148777911776,0.05350889918279389,ETH/BTC,2017-06-19 07:06
765,0.13056398418609022,0.13220874750001874,-0.0016447633139285156,ETH/LTC,2017-06-19 07:06
766,54.94505494505494,53.83898305084746,1.1060718942074814,LTC/BTC,2017-06-19 07:07
767,7.147962830593281,7.124913083462306,0.023049747130975184,ETH/BTC,2017-06-19 07:07
768,0.13056398418609022,0.1323374380369199,-0.0017734538508296926,ETH/LTC,2017-06-19 07:07
769,54.88474204171241,53.31468531468531,1.5700567270270938,LTC/BTC,2017-06-19 07:08
770,7.190623427051126,7.125313554918374,0.06530987213275186,ETH/BTC,2017-06-19 07:08
771,0.13056398418609022,0.13364635865075122,-0.003082374464661003,ETH/LTC,2017-06-19 07:08
772,54.91488193300384,52.947385965886994,1.9674959671168466,LTC/BTC,2017-06-19 07:09
773,7.190623427051126,7.1225710014947685,0.06805242555635704,ETH/BTC,2017-06-19 07:09
774,0.13056398418609022,0.13452167414050822,-0.003957689954418003,ETH/LTC,2017-06-19 07:09
775,54.79452054794521,52.362637362637365,2.4318831853078464,LTC/BTC,2017-06-19 07:10
776,7.190623427051126,7.143928035982009,0.046695391069116354,ETH/BTC,2017-06-19 07:10
777,0.1310696727059203,0.136431784107946,-0.005362111402025721,ETH/LTC,2017-06-19 07:10
778,54.49591280653951,52.21917808219178,2.276734724347726,LTC/BTC,2017-06-19 07:11
779,7.190623427051126,7.154654654654655,0.03596877239647078,ETH/BTC,2017-06-19 07:11
780,0.13232659261670543,0.13701201201201202,-0.004685419395306589,ETH/LTC,2017-06-19 07:11
781,54.31830526887561,52.21917808219178,2.0991271866838304,LTC/BTC,2017-06-19 07:12
782,7.1890726096333575,7.149287321830458,0.039785287802899916,ETH/BTC,2017-06-19 07:12
783,0.13303374134781804,0.1369092273068267,-0.003875485959008662,ETH/LTC,2017-06-19 07:12
784,53.937432578209275,51.98279059619265,1.954641982016625,LTC/BTC,2017-06-19 07:13
785,7.194244604316546,7.143931784107945,0.050312820208601394,ETH/BTC,2017-06-19 07:13
786,0.1342281879194631,0.1374287856071964,-0.003200597687733314,ETH/LTC,2017-06-19 07:13
787,53.937432578209275,52.21920547945205,1.7182270987572252,LTC/BTC,2017-06-19 07:14
788,7.194244604316546,7.143931784107945,0.050312820208601394,ETH/BTC,2017-06-19 07:14
789,0.13458950201884254,0.13680659670164919,-0.0022170946828066473,ETH/LTC,2017-06-19 07:14
790,54.141851651326476,52.44864420706655,1.6932074442599259,LTC/BTC,2017-06-19 07:15
791,54.141851651326476,52.46268493150685,1.6791667198196265,LTC/BTC,2017-06-19 07:16
792,7.187005893344832,7.163842737907737,0.023163155437094574,ETH/BTC,2017-06-19 07:16
793,0.13339291550225768,0.13655120295998116,-0.00315828745772348,ETH/LTC,2017-06-19 07:16
794,53.96654074473826,51.36395493018491,2.6025858145533505,LTC/BTC,2017-06-19 07:17
795,7.183908045977012,7.1420539730134935,0.04185407296351862,ETH/BTC,2017-06-19 07:17
796,0.13372076696883103,0.139047976011994,-0.005327209043162973,ETH/LTC,2017-06-19 07:17
797,53.96654074473826,51.77989130434783,2.1866494403904326,LTC/BTC,2017-06-19 07:18
798,7.182360123536594,7.131469033967575,0.050891089569019776,ETH/BTC,2017-06-19 07:18
799,0.13365964107039988,0.13772661267384242,-0.0040669716034425485,ETH/LTC,2017-06-19 07:18
800,54.08328826392645,51.776566757493185,2.306721506433263,LTC/BTC,2017-06-19 07:19
801,7.191140514885661,7.122188905547226,0.06895160933843503,ETH/BTC,2017-06-19 07:19
802,0.13407395787664392,0.13755622188905547,-0.0034822640124115567,ETH/LTC,2017-06-19 07:19
803,54.054054054054056,51.762462544265865,2.2915915097881907,LTC/BTC,2017-06-19 07:20
804,7.18958947444101,7.122188905547226,0.06740056889378376,ETH/BTC,2017-06-19 07:20
805,0.13407395787664392,0.13759370314842578,-0.0035197452717818656,ETH/LTC,2017-06-19 07:20
806,54.08328826392645,51.83306055646481,2.25022770746164,LTC/BTC,2017-06-19 07:21
807,7.171543316121629,7.123256860098966,0.04828645602266324,ETH/BTC,2017-06-19 07:21
808,0.13407395787664392,0.13742690058479534,-0.003352942708151424,ETH/LTC,2017-06-19 07:21
809,54.08328826392645,51.9890560875513,2.094232176375151,LTC/BTC,2017-06-19 07:21
810,7.171543316121629,7.123256860098966,0.04828645602266324,ETH/BTC,2017-06-19 07:21
811,0.13407395787664392,0.13701454490928175,-0.0029405870326378314,ETH/LTC,2017-06-19 07:21
812,54.34782608695652,52.622542232068675,1.7252838548878486,LTC/BTC,2017-06-19 07:22
813,7.188555819135935,7.123523898781631,0.06503192035430416,ETH/BTC,2017-06-19 07:22
814,0.13249069252884985,0.1353701968134958,-0.0028795042846459507,ETH/LTC,2017-06-19 07:22
815,54.4069640914037,52.06134246575342,2.3456216256502813,LTC/BTC,2017-06-19 07:23
816,7.186489399928135,7.127678169542385,0.05881123038574998,ETH/BTC,2017-06-19 07:23
817,0.13221304810571755,0.1369092273068267,-0.004696179201109152,ETH/LTC,2017-06-19 07:23
818,54.4069640914037,52.06134246575342,2.3456216256502813,LTC/BTC,2017-06-19 07:23
819,7.186489399928135,7.130352720450281,0.056136679477853946,ETH/BTC,2017-06-19 07:23
820,0.13221304810571755,0.13696060037523453,-0.00474755226951698,ETH/LTC,2017-06-19 07:23
821,54.28881650380022,52.13218106995885,2.156635433841373,LTC/BTC,2017-06-19 07:24
822,7.15922107674685,7.13027392120075,0.028947155546100056,ETH/BTC,2017-06-19 07:24
823,0.13286494013105798,0.13677298311444652,-0.003908042983388538,ETH/LTC,2017-06-19 07:24
824,54.49591280653951,52.595251242407514,1.900661564131994,LTC/BTC,2017-06-19 07:29
825,7.1890726096333575,7.129597748469289,0.05947486116406875,ETH/BTC,2017-06-19 07:29
826,0.13152823977071998,0.13555592149583076,-0.004027681725110782,ETH/LTC,2017-06-19 07:29
827,54.22993492407809,51.99726775956284,2.2326671645152487,LTC/BTC,2017-06-19 07:30
828,7.1890726096333575,7.114392523364486,0.0746800862688719,ETH/BTC,2017-06-19 07:30
829,0.1328562906789355,0.13682242990654206,-0.003966139227606552,ETH/LTC,2017-06-19 07:30
830,54.08328826392645,52.20379120879121,1.8794970551352392,LTC/BTC,2017-06-19 07:31
831,7.1890726096333575,7.098894940936498,0.09017766869685939,ETH/BTC,2017-06-19 07:31
832,0.1333210677950962,0.13598427961954287,-0.0026632118244466763,ETH/LTC,2017-06-19 07:31
833,54.112554112554115,52.34760330578513,1.7649508067689865,LTC/BTC,2017-06-19 07:32
834,7.158196134574088,7.095660941000747,0.06253519357334092,ETH/BTC,2017-06-19 07:32
835,0.13241139691375517,0.13554891710231515,-0.003137520188559978,ETH/LTC,2017-06-19 07:32
836,54.55537370430988,52.48483177054605,2.0705419337638276,LTC/BTC,2017-06-19 07:34
837,7.188555819135935,7.095824011931395,0.09273180720454022,ETH/BTC,2017-06-19 07:34
838,0.13193969828029797,0.13519761372110367,-0.0032579154408056976,ETH/LTC,2017-06-19 07:34
839,54.55537370430988,52.42699724517907,2.1283764591308127,LTC/BTC,2017-06-19 07:35
840,7.188555819135935,7.074721189591078,0.1138346295448569,ETH/BTC,2017-06-19 07:35
841,0.1314794727673142,0.1349442379182156,-0.003464765150901411,ETH/LTC,2017-06-19 07:35
842,54.58515283842795,53.04299274148521,1.5421600969427445,LTC/BTC,2017-06-19 07:36
843,7.18958947444101,7.047503885400169,0.1420855890408408,ETH/BTC,2017-06-19 07:36
844,0.13102107342945038,0.1328639943026495,-0.001842920873199122,ETH/LTC,2017-06-19 07:36
845,55.06607929515419,53.511207865168544,1.5548714299856456,LTC/BTC,2017-06-19 07:37
846,7.18958947444101,7.071265775798071,0.11832369864293923,ETH/BTC,2017-06-19 07:37
847,0.13086007786174633,0.1321455085374907,-0.0012854306757443812,ETH/LTC,2017-06-19 07:37
848,55.15719801434087,53.226256983240226,1.9309410311006445,LTC/BTC,2017-06-19 07:38
849,7.188555819135935,7.086277426552622,0.1022783925833135,ETH/BTC,2017-06-19 07:38
850,0.13028891567049933,0.1331349944217181,-0.0028460787512187835,ETH/LTC,2017-06-19 07:38
851,54.67468562055768,53.07029730480689,1.6043883157507892,LTC/BTC,2017-06-19 15:40
852,7.164350193437455,7.105654761904762,0.0586954315326933,ETH/BTC,2017-06-19 15:40
853,0.13020833333333334,0.13389136904761903,-0.0036830357142856873,ETH/LTC,2017-06-19 15:40
854,54.824561403508774,53.09192200557103,1.7326393979377457,LTC/BTC,2017-06-19 15:41
855,7.162810686913544,7.07760861492759,0.08520207198595386,ETH/BTC,2017-06-19 15:41
856,0.1304900423048717,0.13330857779428146,-0.002818535489409746,ETH/LTC,2017-06-19 15:41
857,54.73453749315818,53.09470752089136,1.639829972266817,LTC/BTC,2017-06-19 15:42
858,7.18752246100769,7.062245276028158,0.12527718497953177,ETH/BTC,2017-06-19 15:42
859,0.13094678453623232,0.1330122267506484,-0.002065442214416069,ETH/LTC,2017-06-19 15:42
860,54.824561403508774,53.16430982065658,1.6602515828521973,LTC/BTC,2017-06-19 15:43
861,7.146941109205261,7.05440414507772,0.09253696412754042,ETH/BTC,2017-06-19 15:43
862,0.12987063585962022,0.13269059955588453,-0.002819963696264305,ETH/LTC,2017-06-19 15:43
863,54.85463521667581,53.35648341840293,1.498151798272879,LTC/BTC,2017-06-19 15:44
864,7.144898542440697,7.072339355759385,0.07255918668131223,ETH/BTC,2017-06-19 15:44
865,0.12993560391469988,0.13254882823331077,-0.002613224318610885,ETH/LTC,2017-06-19 15:44
866,54.975261132490374,53.527435610302355,1.447825522188019,LTC/BTC,2017-06-19 15:45
867,7.14898484415213,7.055610908151592,0.09337393600053812,ETH/BTC,2017-06-19 15:45
868,0.12968486577616392,0.13181298202885713,-0.002128116252693213,ETH/LTC,2017-06-19 15:45
869,55.12679162072767,53.647586980920316,1.4792046398073566,LTC/BTC,2017-06-19 15:46
870,7.14898484415213,7.01651376146789,0.13247108268423968,ETH/BTC,2017-06-19 15:46
871,0.12968503395802614,0.13078899082568807,-0.0011039568676619316,ETH/LTC,2017-06-19 15:46
872,55.15719801434087,53.85935302390999,1.2978449904308818,LTC/BTC,2017-06-19 15:47
873,7.14898484415213,7.023844460748349,0.12514038340378075,ETH/BTC,2017-06-19 15:47
874,0.12968503395802614,0.13041085840058694,-0.0007258244425608074,ETH/LTC,2017-06-19 15:47
875,55.46311702717693,53.85612078192778,1.6069962452491495,LTC/BTC,2017-06-19 15:48
876,7.14898484415213,7.055350553505535,0.09363429064659456,ETH/BTC,2017-06-19 15:48
877,0.1296547682485845,0.13100369003690035,-0.00134892178831586,ETH/LTC,2017-06-19 15:48
878,55.80357142857143,54.01129943502825,1.7922719935431815,LTC/BTC,2017-06-19 15:49
879,7.14898484415213,7.031997057741817,0.11698778641031282,ETH/BTC,2017-06-19 15:49
880,0.12853470437017994,0.13019492460463405,-0.0016602202344541128,ETH/LTC,2017-06-19 15:49
881,55.80357142857143,54.03954802259887,1.7640234059725586,LTC/BTC,2017-06-19 15:49
882,7.14898484415213,7.035726632781411,0.11325821137071923,ETH/BTC,2017-06-19 15:49
883,0.12853470437017994,0.13019588227938417,-0.0016611779092042256,ETH/LTC,2017-06-19 15:49
884,55.55555555555556,53.32869080779944,2.2268647477561174,LTC/BTC,2017-06-19 15:51
885,7.135212272565109,7.048969072164948,0.08624320040016098,ETH/BTC,2017-06-19 15:51
886,0.12830300036566356,0.13217967599410899,-0.0038766756284454307,ETH/LTC,2017-06-19 15:51
887,55.340343110127286,53.31661092530658,2.023732184820709,LTC/BTC,2017-06-19 15:51
888,7.136739937196689,7.053834808259587,0.08290512893710122,ETH/BTC,2017-06-19 15:51
889,0.12853470437017994,0.1323008849557522,-0.003766180585572265,ETH/LTC,2017-06-19 15:51
890,54.975261132490374,53.11675690684437,1.8585042256460014,LTC/BTC,2017-06-19 15:52
891,7.177720356014929,7.059040590405904,0.11867976560902527,ETH/BTC,2017-06-19 15:52
892,0.12890036388572726,0.13289667896678967,-0.003996315081062407,ETH/LTC,2017-06-19 15:52
893,54.91488193300384,53.138888888888886,1.775993044114955,LTC/BTC,2017-06-19 15:52
894,7.133176403452457,7.059301081220709,0.07387532223174809,ETH/BTC,2017-06-19 15:52
895,0.12958437108817178,0.1328462304882099,-0.0032618594000381196,ETH/LTC,2017-06-19 15:52
896,54.6448087431694,52.99168975069252,1.6531189924768768,LTC/BTC,2017-06-19 15:53
897,7.171029042667623,7.085158943855763,0.08587009881185992,ETH/BTC,2017-06-19 15:53
898,0.13072852391809073,0.13370320850663514,-0.002974684588544413,ETH/LTC,2017-06-19 15:53
899,54.85463521667581,53.435754189944134,1.4188810267316754,LTC/BTC,2017-06-19 15:54
900,7.171029042667623,7.082299803783644,0.0887292388839791,ETH/BTC,2017-06-19 15:54
901,0.13140500863330906,0.13253859538706453,-0.0011335867537554667,ETH/LTC,2017-06-19 15:54
902,55.24861878453038,53.410614525139664,1.8380042593907149,LTC/BTC,2017-06-19 15:55
903,7.137249304118193,7.071375739644971,0.06587356447322179,ETH/BTC,2017-06-19 15:55
904,0.1291587503115955,0.13239644970414202,-0.0032376993925465336,ETH/LTC,2017-06-19 15:55
905,55.24861878453038,53.410614525139664,1.8380042593907149,LTC/BTC,2017-06-19 15:56
906,7.137249304118193,7.071375739644971,0.06587356447322179,ETH/BTC,2017-06-19 15:56
907,0.1291587503115955,0.13239644970414202,-0.0032376993925465336,ETH/LTC,2017-06-19 15:56
908,55.21811154058531,53.34728033472803,1.8708312058572787,LTC/BTC,2017-06-19 15:57
909,7.163836951070994,7.083333333333333,0.08050361773766124,ETH/BTC,2017-06-19 15:57
910,0.13003478430480153,0.13277777777777777,-0.0027429934729762406,ETH/LTC,2017-06-19 15:57
911,54.79452054794521,53.34728033472803,1.447240213217178,LTC/BTC,2017-06-19 15:58
912,7.121999857560002,7.093842729970326,0.028157127589675923,ETH/BTC,2017-06-19 15:58
913,0.13025921583952066,0.1329747774480712,-0.0027155616085505485,ETH/LTC,2017-06-19 15:58
914,54.7645125958379,53.40782122905028,1.3566913667876221,LTC/BTC,2017-06-19 15:58
915,7.121999857560002,7.07650172101114,0.045498136548862256,ETH/BTC,2017-06-19 15:58
916,0.13025921583952066,0.13249935230763538,-0.0022401364681147173,ETH/LTC,2017-06-19 15:58
917,55.005500550055004,53.34876844542386,1.6567321046311463,LTC/BTC,2017-06-19 15:59
918,7.117437722419928,7.083333333333333,0.03410438908659508,ETH/BTC,2017-06-19 15:59
919,0.13025921583952066,0.13277407407407407,-0.002514858234553413,ETH/LTC,2017-06-19 15:59
920,54.79452054794521,53.57142857142857,1.223091976516642,LTC/BTC,2017-06-19 16:00
921,7.117437722419928,7.072855029585799,0.044582692834128856,ETH/BTC,2017-06-19 16:00
922,0.13010854956290033,0.1320266272189349,-0.001918077656034578,ETH/LTC,2017-06-19 16:00
923,54.94505494505494,53.48251748251748,1.4625374625374619,LTC/BTC,2017-06-19 16:01
924,7.117437722419928,7.0814814814814815,0.035956240938446626,ETH/BTC,2017-06-19 16:01
925,0.13085887916752814,0.13240740740740742,-0.0015485282398792766,ETH/LTC,2017-06-19 16:01
926,55.035773252614206,53.4108050729091,1.6249681797051068,LTC/BTC,2017-06-19 16:02
927,7.117437722419928,7.073648071210031,0.043789651209896974,ETH/BTC,2017-06-19 16:02
928,0.1296547682485845,0.13243852178513427,-0.0027837535365497768,ETH/LTC,2017-06-19 16:02
929,55.12679162072767,53.34821428571429,1.778577335013381,LTC/BTC,2017-06-19 16:03
930,7.156147130385,7.0814552538694295,0.07469187651557085,ETH/BTC,2017-06-19 16:03
931,0.1304898720285825,0.13274024911018847,-0.00225037708160597,ETH/LTC,2017-06-19 16:03
932,55.035773252614206,53.527435610302355,1.5083376423118509,LTC/BTC,2017-06-19 16:04
933,7.153075822603719,7.0814814814814815,0.07159434112223728,ETH/BTC,2017-06-19 16:04
934,0.12955935567541235,0.1322962962962963,-0.0027369406208839486,ETH/LTC,2017-06-19 16:04
935,54.975261132490374,53.358437935843796,1.6168231966465783,LTC/BTC,2017-06-19 16:05
936,7.133176403452457,7.092695587690026,0.040480815762430566,ETH/BTC,2017-06-19 16:05
937,0.13046297395567652,0.13292547274749722,-0.0024624987918206998,ETH/LTC,2017-06-19 16:05
938,54.94505494505494,53.13611111111111,1.8089438339438288,LTC/BTC,2017-06-19 16:06
939,7.156659271452087,7.092695587690026,0.06396368376206052,ETH/BTC,2017-06-19 16:06
940,0.13054591691535664,0.13348164627363737,-0.0029357293582807364,ETH/LTC,2017-06-19 16:06
941,54.824561403508774,52.696969696969695,2.1275917065390786,LTC/BTC,2017-06-19 16:07
942,7.158196134574088,7.092695587690026,0.0655005468840617,ETH/BTC,2017-06-19 16:07
943,0.13085853668749933,0.13459399332591768,-0.003735456638418344,ETH/LTC,2017-06-19 16:07
944,54.70459518599562,52.76817191249897,1.9364232734966507,LTC/BTC,2017-06-19 16:07
945,7.158196134574088,7.111677448137408,0.04651868643667978,ETH/BTC,2017-06-19 16:07
946,0.1308590504082148,0.13477210201501968,-0.003913051606804885,ETH/LTC,2017-06-19 16:07
947,54.7645125958379,53.28412256267409,1.4803900331638076,LTC/BTC,2017-06-19 16:08
948,7.158196134574088,7.092774483957924,0.06542165061616423,ETH/BTC,2017-06-19 16:08
949,0.13085836544815718,0.13311234459411858,-0.002253979145961399,ETH/LTC,2017-06-19 16:08
950,54.91488193300384,52.741130820399114,2.1737511126047266,LTC/BTC,2017-06-19 16:09
951,7.142857142857142,7.055643513694897,0.08721362916224518,ETH/BTC,2017-06-19 16:09
952,0.13085836544815718,0.13377876818230697,-0.002920402734149785,ETH/LTC,2017-06-19 16:09
953,54.824561403508774,52.858333333333334,1.9662280701754398,LTC/BTC,2017-06-19 16:10
954,7.158196134574088,7.055617352614016,0.10257878196007209,ETH/BTC,2017-06-19 16:10
955,0.13108152746682325,0.13348164627363737,-0.002400118806814122,ETH/LTC,2017-06-19 16:10
956,54.79452054794521,52.870931849791376,1.9235886981538357,LTC/BTC,2017-06-19 16:11
957,7.133685261806249,7.06271203445316,0.07097322735308964,ETH/BTC,2017-06-19 16:11
958,0.13085836544815718,0.13358402788357565,-0.002725662435418469,ETH/LTC,2017-06-19 16:11
959,54.85463521667581,52.7975,2.0571352166758103,LTC/BTC,2017-06-19 16:12
960,7.158196134574088,7.042796798577144,0.11539933599694407,ETH/BTC,2017-06-19 16:12
961,0.12920414125113538,0.1333926189417519,-0.0041884776906165044,ETH/LTC,2017-06-19 16:12
962,54.824561403508774,52.7975,2.0270614035087746,LTC/BTC,2017-06-19 16:13
963,7.158196134574088,7.052727272727272,0.10546886184681625,ETH/BTC,2017-06-19 16:13
964,0.12920414125113538,0.13358070500927643,-0.00437656375814105,ETH/LTC,2017-06-19 16:13
965,54.824561403508774,52.87098748261474,1.953573920894037,LTC/BTC,2017-06-19 16:14
966,7.153075822603719,7.042282326787698,0.11079349581602038,ETH/BTC,2017-06-19 16:14
967,0.12990572741361595,0.13319748054835123,-0.003291753134735287,ETH/LTC,2017-06-19 16:14
968,54.824561403508774,52.87098748261474,1.953573920894037,LTC/BTC,2017-06-19 16:14
969,7.153075822603719,7.0536245760133,0.09945124659041849,ETH/BTC,2017-06-19 16:14
970,0.12990572741361595,0.133412007451775,-0.0035062800381590598,ETH/LTC,2017-06-19 16:14
